979.333	384.667
979.3970949999999	382.45955999999995
979.4611899999999	380.25211999999993
979.5252849999998	378.0446799999999
979.5893799999998	375.8372399999999
979.6534749999997	373.6297999999999
979.7175699999997	371.42235999999986
979.7695727999997	369.01058999999987
979.7799414999996	366.5982999999999
979.7399617999996	364.1863299999999
979.6411293999996	361.7760699999999
979.4761153999996	359.3694499999999
979.2397953999996	356.9687899999999
978.9300403999996	354.57650999999987
978.5479763999996	352.1946999999999
978.0976273999996	349.8248399999999
977.5851083999996	347.4676199999999
977.0176633999996	345.1230099999999
976.4028073999996	342.7903599999999
975.7477353999996	340.4686799999999
975.0589593999996	338.1567699999999
974.3421743999996	335.8533799999999
973.6022513999997	333.5573299999999
972.8432743999997	331.2674899999999
972.0686553999997	328.9828899999999
971.2812203999997	326.70265999999987
970.455	324.356
969.61	322.017
968.745	319.685
967.856	317.361
966.942	315.048
966.002	312.745
965.033	310.454
964.036	308.175
963.011	305.909
961.956	303.656
960.873	301.417
959.762	299.191
958.625	296.979
957.463	294.78
956.277	292.593
955.069	290.419
953.84	288.256
952.592	286.104
951.326	283.963
950.044	281.831
948.747	279.709
947.437	277.594
946.114	275.488
944.779	273.389
943.434	271.296
942.079	269.21
940.716	267.13
939.344	265.055
937.965	262.985
936.579	260.919
935.187	258.858
933.789	256.8
932.386	254.746
930.978	252.696
929.565	250.648
928.149	248.603
926.728	246.561
925.304	244.522
923.877	242.485
922.447	240.45
921.014	238.416
919.578	236.385
918.14	234.355
916.699	232.327
915.257	230.301
913.813	228.276
912.367	226.252
910.919	224.229
909.469	222.208
908.019	220.187
906.567	218.167
905.113	216.149
903.659	214.131
902.203	212.114
900.746	210.097
899.289	208.082
897.83	206.067
896.371	204.052
894.911	202.039
893.45	200.025
891.988	198.012
890.526	196.0
889.08	194.009
887.635	192.017
886.19	190.024
884.747	188.031
883.304	186.037
881.862	184.042
880.421	182.047
878.981	180.051
877.542	178.055
876.104	176.058
874.666	174.061
873.229	172.062
871.793	170.064
870.358	168.064
868.924	166.064
867.491	164.063
866.059	162.062
864.629	160.059
863.199	158.056
861.771	156.051
860.345	154.045
858.921	152.038
857.501	150.029
856.083	148.016
854.673	146.0
853.257	143.973
851.837	141.95
850.412	139.931
848.982	137.915
847.545	135.903
846.103	133.896
844.654	131.893
843.199	129.895
841.737	127.903
840.267	125.915
838.79	123.933
837.304	121.958
835.811	119.988
834.308	118.026
832.796	116.07
831.275	114.122
829.743	112.182
828.201	110.25
826.648	108.328
825.083	106.414
823.506	104.51
821.917	102.617
820.315	100.735
818.7	98.8642
817.07	97.0056
815.426	95.1596
813.768	93.327
812.094	91.5082
810.404	89.704
808.699	87.915
806.977	86.1417
805.238	84.3847
803.483	82.6446
801.71	80.9219
799.921	79.2171
798.114	77.5306
796.289	75.8628
794.448	74.214
792.589	72.5845
790.714	70.9745
788.822	69.384
786.913	67.813
784.989	66.2615
783.05	64.7293
781.095	63.2161
779.116	61.7112
777.126	60.2214
775.125	58.7471
773.112	57.2883
771.087	55.8455
769.051	54.4189
767.004	53.0087
764.945	51.615
762.875	50.2383
760.794	48.8786
758.702	47.5361
756.598	46.2111
754.484	44.9037
752.358	43.6141
750.222	42.3423
748.075	41.0886
745.918	39.853
743.751	38.6357
741.573	37.4367
739.385	36.256
737.188	35.0938
734.98	33.9501
732.764	32.8248
730.537	31.718
728.302	30.6297
726.058	29.5597
723.806	28.5082
721.545	27.475
719.275	26.4599
716.998	25.4631
714.713	24.4842
712.42	23.5233
710.12	22.5801
707.812	21.6546
705.498	20.7465
703.177	19.8558
700.85	18.9821
698.516	18.1254
696.176	17.2855
693.831	16.462
691.479	15.6549
689.122	14.8639
686.76	14.0887
684.393	13.3292
682.021	12.5851
679.644	11.8562
677.263	11.1421
674.878	10.4428
672.488	9.75784
670.094	9.08708
667.696	8.43022
665.295	7.78703
662.89	7.15724
660.482	6.54061
658.07	5.93687
655.715	5.36161
653.355	4.80304
650.991	4.26471
648.622	3.75098
646.246	3.26727
643.863	2.82024
641.472	2.41801
639.073	2.07019
636.665	1.78773
634.249	1.5822
631.828	1.46427
629.403	1.4415
626.9075	1.3915049
624.4119400000001	1.3440378
621.9163400000001	1.298352
619.4207200000001	1.2541905
616.9250700000001	1.2114099999999999
614.4294100000001	1.1699180999999998
611.9337300000001	1.1296500999999999
609.43802	1.0905584
606.9423	1.0526075
604.4465700000001	1.0157701
601.95081	0.9800246999999999
599.45505	0.9453552999999999
596.9592700000001	0.9117490999999999
594.46348	0.8791967999999999
591.96766	0.8476913999999999
589.47184	0.8172285999999999
586.976	0.7878053999999999
584.48015	0.7594207999999999
581.98429	0.7320752999999999
579.4884099999999	0.7057704999999999
576.99254	0.6805096999999999
574.49664	0.6562966999999998
572.00074	0.6331367999999998
569.50484	0.6110360999999999
567.00893	0.5900015999999999
564.5129999999999	0.5700412999999999
562.0170599999999	0.5511639999999999
559.5211099999999	0.5333794999999999
557.0251599999999	0.5166981999999999
554.5292	0.5011313999999999
552.03324	0.4866912999999999
549.53726	0.4733906999999999
547.0412899999999	0.46124349999999986
544.5452999999999	0.45026419999999984
542.0493199999999	0.44046815999999983
539.5533299999998	0.4318715899999998
537.0573399999998	0.4244915699999998
534.5613299999999	0.4183460499999998
532.0653199999999	0.4134538899999998
529.56931	0.40983486999999985
527.07331	0.40750971999999985
524.5773	0.40650012999999985
522.0813	0.40682884799999985
519.5852900000001	0.40851966799999984
517.0892800000001	0.41159749799999984
514.5932800000002	0.41608838799999986
512.0972700000002	0.42201962799999987
509.6012700000002	0.4294197179999999
507.1052800000002	0.4383184879999999
504.6092900000002	0.4487472879999999
502.11331000000024	0.4607386879999999
499.61734000000024	0.4743269879999999
497.12137000000024	0.4895480879999999
494.62542000000025	0.5064395879999999
492.1294800000002	0.5250408879999999
489.6335600000002	0.5453931879999999
487.1376600000002	0.5675400879999999
484.6417800000002	0.5915269879999999
482.1459100000002	0.617401888
479.65006000000017	0.645215188
477.1542400000002	0.675019688
474.6584300000002	0.706871488
472.16265000000016	0.740829188
469.66691000000014	0.776954788
467.17121000000014	0.815313988
464.67553000000015	0.855976188
462.17990000000015	0.899014588
459.6843000000001	0.944507188
457.1887600000001	0.992535888
454.6932700000001	1.0431883880000001
452.1978400000001	1.096557988
449.7024600000001	1.152743988
447.20715000000007	1.211851988
444.71191000000005	1.273994888
442.21677000000005	1.339293488
439.72170000000006	1.407877988
437.22674000000006	1.479887288
434.73188000000005	1.5554712880000001
432.23713000000004	1.634792188
429.74252	1.7180239880000001
427.24804	1.805356688
424.75372	1.896995888
422.25957	1.993165788
419.76561	2.094111788
417.27186	2.2001007880000003
414.77833	2.3114307880000005
412.28506999999996	2.4284257880000006
409.79209999999995	2.551447788000001
407.2994499999999	2.680899788000001
404.8071699999999	2.817231788000001
402.3152999999999	2.9609497880000006
399.8238999999999	3.1126267880000005
397.3329799999999	3.2729177880000004
394.8595799999999	3.4348327880000005
392.3865199999999	3.6018687880000004
389.9147299999999	3.7866767880000003
387.4454199999999	4.0018697880000005
384.9802999999999	4.260524788000001
382.5219199999999	4.576649788000001
380.0740499999999	4.965653788000001
377.6422899999999	5.444792788000001
375.23478999999986	6.033552788000001
372.847	6.70056
370.469	7.4001
368.1	8.13229
365.742	8.89723
363.395	9.69497
361.059	10.5255
358.735	11.389
356.423	12.2852
354.125	13.2141
351.84	14.1757
349.569	15.1698
347.312	16.1963
345.07	17.2549
342.844	18.3454
340.633	19.4676
338.439	20.6212
336.261	21.8059
334.1	23.0213
331.957	24.2671
329.831	25.5428
327.723	26.8482
325.634	28.1826
323.563	29.5458
321.511	30.9372
319.478	32.3563
317.465	33.8026
315.47	35.2756
313.496	36.7748
311.541	38.2997
309.606	39.8497
307.691	41.4243
305.796	43.0229
303.921	44.645
302.067	46.2899
300.232	47.9573
298.417	49.6465
296.622	51.3569
294.848	53.088
293.093	54.8393
291.358	56.6103
289.643	58.4004
287.947	60.2091
286.271	62.0358
284.614	63.8801
282.977	65.7416
281.358	67.6196
279.759	69.5137
278.178	71.4234
276.616	73.3484
275.072	75.2881
273.546	77.2422
272.038	79.2101
270.548	81.1915
269.075	83.186
267.62	85.1931
266.182	87.2126
264.761	89.244
263.356	91.287
261.968	93.3412
260.596	95.4062
259.241	97.4819
257.901	99.5678
256.576	101.664
255.267	103.769
253.973	105.884
252.694	108.008
251.43	110.14
250.181	112.281
248.945	114.431
247.724	116.588
246.516	118.754
245.322	120.926
244.142	123.106
242.974	125.294
241.82	127.488
240.679	129.689
239.55	131.896
238.434	134.11
237.33	136.33
236.252	138.527
235.186	140.73
234.132	142.939
233.092	145.155
232.065	147.376
231.052	149.604
230.053	151.839
229.069	154.08
228.1	156.328
227.147	158.582
226.21	160.843
225.289	163.11
224.385	165.385
223.498	167.666
222.629	169.954
221.777	172.249
220.944	174.55
220.129	176.858
219.333	179.172
218.556	181.493
217.798	183.821
217.06	186.154
216.341	188.494
215.642	190.839
214.963	193.191
214.303	195.548
213.664	197.91
213.044	200.278
212.444	202.651
211.863	205.028
211.302	207.411
210.76	209.797
210.238	212.188
209.734	214.584
209.249	216.983
208.782	219.385
208.333	221.791
207.903	224.201
207.489	226.613
207.092	229.028
206.713	231.446
206.349	233.866
206.001	236.289
205.669	238.714
205.351	241.141
205.049	243.569
204.76	246.0
204.46355799999998	248.47125
204.146235	250.9399
203.80648	253.40556
203.442608	255.86779
203.052797	258.32603
202.635064	260.77969
202.187267	263.22803
201.70708299999998	265.67023
201.192007	268.1053
200.63933999999998	270.53211
200.04618399999998	272.94933
199.40944	275.35544
198.72582599999998	277.74863999999997
197.991877	280.12688999999995
197.203991	282.48779999999994
196.358452	284.82867999999996
195.451508	287.14644999999996
194.479449	289.43765999999994
193.438719	291.69847999999996
192.326019	293.92474999999996
191.138489	296.11202999999995
189.87386899999998	298.25562999999994
188.53061899999997	300.3508299999999
187.10807899999998	302.3930199999999
185.60655899999998	304.3778699999999
184.02742899999998	306.30153999999993
182.37303899999998	308.1608799999999
180.64659899999998	309.9536599999999
178.90292899999997	311.6407099999999
177.10366899999997	313.2683199999999
175.24717899999996	314.8302999999999
173.33321899999996	316.3212899999999
171.36302899999995	317.7371399999999
169.33919899999995	319.0752099999999
167.26545899999996	320.3345399999999
165.14627899999996	321.5158299999999
162.98654899999997	322.6212599999999
160.79119899999998	323.6542099999999
158.56499899999997	324.61889699999995
156.31232899999998	325.5200899999999
154.037119	326.3627879999999
151.742789	327.1520129999999
149.43230899999998	327.8926229999999
147.10817899999998	328.5892259999999
144.77249899999998	329.24611499999986
142.42703899999998	329.86722599999985
140.073289	330.4561429999998
137.71248899999998	331.0161019999998
135.34564899999998	331.55002399999984
132.97364899999997	332.0605219999998
130.59720899999996	332.5499389999998
128.21693899999997	333.02036899999985
125.83334899999997	333.47368699999987
123.44687899999997	333.91156999999987
121.05788899999996	334.33551799999987
118.66663899999996	334.74688499999985
116.29672899999996	335.15264599999983
113.92813899999996	335.5659989999998
111.56081899999995	335.98662499999983
109.19477899999995	336.4143829999998
106.83005899999995	336.84930899999983
104.46670899999995	337.29164399999985
102.10483899999996	337.74187999999987
99.74466899999996	338.2008519999999
97.38647899999997	338.6699539999999
95.03080899999996	339.1515389999999
92.67864899999996	339.6499619999999
90.33225899999996	340.1748079999999
87.99997899999997	340.7584349999999
85.62864899999997	341.4380929999999
83.26553899999996	342.14576099999994
80.91142899999996	342.88285099999996
78.56721899999995	343.65083
76.23387899999994	344.45122499999997
73.91247899999995	345.28561899999994
71.60420899999995	346.15564199999994
69.31033899999996	347.06297699999993
67.03228899999996	348.0093319999999
64.77160899999997	348.99644299999994
62.52997899999997	350.02605299999993
60.30921899999997	351.09991299999996
58.11126899999997	352.21973299999996
55.93824899999997	353.38717299999996
53.79238899999997	354.603823
51.67606899999997	355.87116299999997
49.59180899999997	357.19051299999995
47.54217899999997	358.56305299999997
45.52986899999997	359.98972299999997
43.55756899999997	361.47122299999995
41.62801899999997	363.00797299999994
39.743888999999974	364.60009299999996
37.90778899999997	366.247353
36.12216899999997	367.94920299999995
34.38929899999997	369.70474299999995
32.71121899999997	371.51272299999994
31.089678999999972	373.37157299999996
29.526118999999973	375.27944299999996
28.021618999999973	377.23424299999994
26.576908999999972	379.23363299999994
25.19235899999997	381.27515299999993
23.86796899999997	383.35620299999994
22.60340899999997	385.47413299999994
21.39800899999997	387.6262929999999
20.25082899999997	389.8100629999999
19.16067899999997	392.0228529999999
18.12615899999997	394.2622029999999
17.14568999999997	396.5257329999999
16.21755699999997	398.81122299999987
15.33994399999997	401.1166029999999
14.51097399999997	403.4399129999999
13.728716999999971	405.77937299999985
12.991239999999971	408.1333329999998
12.29660799999997	410.50029299999983
11.64290799999997	412.87889299999983
11.02826699999997	415.2678829999998
10.45085599999997	417.6661429999998
9.908899999999969	420.0726729999998
9.400689999999969	422.4865529999998
8.924575999999968	424.9069829999998
8.478959999999969	427.3333429999998
8.178884999999969	429.8076329999998
7.969955999999969	432.2918029999998
7.793324999999968	434.7785029999998
7.634954999999969	437.26644299999975
7.488786999999968	439.75514299999975
7.351547999999968	442.24435299999976
7.221228999999968	444.73393299999975
7.096493999999968	447.22378299999974
6.976399999999968	449.71387299999975
6.860250999999968	452.20415299999974
6.747519999999968	454.69458299999974
6.637791999999968	457.18515299999973
6.530736999999968	459.67582299999975
6.426083999999968	462.1666029999997
6.323611999999969	464.6574729999997
6.223134999999969	467.1484229999997
6.124494999999969	469.6394529999997
6.027558399999969	472.13053299999973
5.932208099999969	474.62168299999973
5.838344099999969	477.1128829999997
5.745877999999969	479.6041529999997
5.654733099999969	482.0954729999997
5.564841299999969	484.5868429999997
5.47614279999997	487.0782429999997
5.388583299999969	489.5696929999997
5.302115799999969	492.0611729999997
5.216696999999969	494.5526929999997
5.132289099999968	497.0442429999997
5.048857799999968	499.5358229999997
4.966372199999968	502.0274329999997
4.884804599999969	504.5190729999997
4.804130299999969	507.0107529999997
4.724327399999969	509.50245299999966
4.645375599999969	511.99419299999965
4.567257799999969	514.4859429999997
4.489958299999969	516.9777129999997
4.413462799999969	519.4695229999996
4.3377597999999695	521.9613429999996
4.26283789999997	524.4532029999996
4.18868889999997	526.9450729999995
4.11530499999997	529.4369729999995
4.04268039999997	531.9288829999995
3.97080979999997	534.4208229999995
3.89968969999997	536.9127929999995
3.82931839999997	539.4047729999995
3.75969449999997	541.8967829999996
3.69081869999997	544.3888029999996
3.62269249999997	546.8808429999996
3.55531859999997	549.3729029999996
3.48870059999997	551.8649929999996
3.42284439999997	554.3571029999996
3.35775669999997	556.8492229999996
3.29344539999997	559.3413729999996
3.2299198999999703	561.8335429999996
3.1671916999999703	564.3257329999997
3.1052728999999704	566.8179529999996
3.04417859999997	569.3101729999996
2.9839241999999704	571.8024229999996
2.9245279999999703	574.2947029999997
2.8660107999999704	576.7869929999997
2.8083943999999703	579.2793129999997
2.7517044999999705	581.7716429999997
2.6959686999999706	584.2639929999997
2.6412179999999705	586.7563629999997
2.5874862999999704	589.2487629999997
2.5348119999999703	591.7411929999997
2.4832378999999705	594.2336229999997
2.4328107999999706	596.7260929999998
2.3835837999999705	599.2185729999998
2.3356156999999707	601.7110929999998
2.2889734999999707	604.2036329999997
2.2437317999999706	606.6962129999997
2.1999759999999706	609.1888029999997
2.1578023999999707	611.6814329999996
2.117321999999971	614.1740829999997
2.0786633999999706	616.6667029999996
2.0417675999999707	619.1399629999996
2.0058980999999707	621.6132529999996
1.9710594999999707	624.0865429999997
1.9372559999999706	626.5598529999996
1.9044918999999705	629.0331829999997
1.8727716999999704	631.5065229999997
1.8420996999999704	633.9798829999996
1.8124802999999703	636.4532629999997
1.7839178999999703	638.9266429999997
1.7564167999999702	641.4000429999996
1.7299814999999703	643.8734429999996
1.7046160999999702	646.3468629999996
1.6803251999999702	648.8202929999997
1.6571128999999702	651.2937429999996
1.6349838999999702	653.7671829999996
1.6139423999999702	656.2406429999996
1.5939927999999703	658.7141129999997
1.5751393999999703	661.1875829999997
1.5573865999999703	663.6610629999997
1.5407386999999704	666.1345629999996
1.5252002999999703	668.6080529999996
1.5107755999999704	671.0815629999996
1.4974689999999704	673.5550729999997
1.4852848999999704	676.0285829999997
1.4742275999999703	678.5021029999997
1.4643015199999703	680.9756329999997
1.4555110599999703	683.4491629999997
1.4478605699999703	685.9226929999996
1.4413544199999702	688.3962329999996
1.4359970099999702	690.8697729999996
1.4317926999999702	693.3433129999995
1.4287458799999702	695.8168529999995
1.42686090999997	698.2903929999994
1.42614218499997	700.7639329999994
1.42659407899997	703.2374729999993
1.42822097899997	705.7110129999993
1.43102725899997	708.1845529999993
1.43501731899997	710.6581029999993
1.44019551899997	713.1316429999993
1.44656626899997	715.6051829999992
1.4541339389999701	718.0787229999992
1.46290287899997	720.5522429999992
1.47287755899997	723.0257729999992
1.4840623589999702	725.4992929999992
1.4964615589999701	727.9728129999992
1.51007965899997	730.4463329999992
1.52492085899997	732.9198229999992
1.5409897589999701	735.3933229999991
1.55829065899997	737.8668129999991
1.5768280589999701	740.3402929999991
1.59660625899997	742.8137629999991
1.6176296589999701	745.2872229999991
1.6399026589999701	747.7606729999991
1.6634295589999701	750.2341029999991
1.68821475899997	752.7075229999991
1.7142627589999702	755.1809429999992
1.7415778589999702	757.6543329999992
1.7701645589999702	760.1277229999992
1.8000271589999701	762.6010929999992
1.8311700589999702	765.0744429999992
1.8635975589999703	767.5477729999992
1.8973142589999703	770.0210929999992
1.9323244589999704	772.4943829999992
1.9686325589999705	774.9676629999992
2.0062431589999705	777.4409329999992
2.0451603589999707	779.9141829999992
2.0853886589999706	782.3874029999992
2.1269322589999704	784.8606029999992
2.1697958589999704	787.3337829999991
2.2139836589999704	789.8069329999992
2.2595000589999703	792.2800529999992
2.3063497589999704	794.7531629999992
2.3545367589999704	797.2262429999992
2.4040656589999703	799.6992929999991
2.4549406589999703	802.1723129999991
2.5071663589999704	804.6453029999991
2.5607470589999703	807.118262999999
2.6156872589999702	809.591202999999
2.6719914589999703	812.064112999999
2.72966365899997	814.5369829999989
2.78871105899997	817.0099229999989
2.83669555899997	819.424042999999
2.86527635899997	821.838482999999
2.87689505899997	824.253072999999
2.87478319899997	826.667682999999
2.86293619899997	829.082262999999
2.8460039989999704	831.496812999999
2.8290949989999703	833.9113629999989
2.81750889899997	836.3259329999989
2.81643243899997	838.7405329999989
2.83064423899997	841.1550929999989
2.86427203899997	843.5694529999989
2.9206347389999703	845.983392999999
3.0021774389999702	848.396602999999
3.11049343899997	850.808772999999
3.2464084389999703	853.2195429999989
3.4101004389999705	855.6285829999989
3.6012374389999704	858.0356029999989
3.8191054389999706	860.4403529999989
4.062724438999971	862.8426429999989
4.330944438999971	865.242302999999
4.622520438999971	867.6392429999989
4.936169438999971	870.0333929999989
5.270615438999971	872.4247529999989
5.631337438999971	874.8794729999988
6.006149438999971	877.3320929999988
6.395744438999971	879.7824029999988
6.800849438999971	882.2302029999988
7.222223438999971	884.6752529999989
7.6606664389999715	887.1173029999989
8.117009438999972	889.5560629999989
8.592123438999971	891.9912329999988
9.086917438999972	894.4224729999988
9.602339438999973	896.8494229999989
10.139374438999972	899.2716829999989
10.699047438999973	901.6888329999989
11.282414438999972	904.1003729999989
11.890568438999972	906.5057829999988
12.524630438999973	908.9044829999988
13.185754438999972	911.2958529999988
13.875121438999972	913.6792429999988
14.593925438999973	916.0539129999988
15.343377438999973	918.4190929999988
16.124689438999972	920.7739329999988
16.939073438999973	923.1175429999988
17.787721438999974	925.4489529999988
18.671805438999975	927.7671629999988
19.592457438999975	930.0711029999989
20.550749438999976	932.3596329999989
21.547689438999974	934.6315929999989
22.584199438999974	936.885762999999
23.661099438999972	939.1209229999989
24.77909943899997	941.3358129999989
25.938779438999973	943.5291729999989
27.140549438999972	945.6997429999989
28.38467943899997	947.8463129999989
29.67127943899997	949.9677129999989
31.000259438999972	952.0628129999989
32.37137943899997	954.1305929999988
33.78419943899998	956.1701029999988
35.23810943899998	958.1805229999987
36.73233943899998	960.1611529999988
38.26597943899998	962.1114429999988
39.83794943899998	964.0309629999988
41.447069438999975	965.9194529999988
43.092039438999976	967.7767929999989
44.77148943899998	969.6030129999989
46.48397943899998	971.398292999999
48.22801943899998	973.1629329999989
50.00209943899998	974.897382999999
51.804699438999975	976.602172999999
53.63442943899997	978.278092999999
55.45661943899997	979.897162999999
57.303109438999975	981.488462999999
59.17459943899998	983.050292999999
61.071689438999975	984.580912999999
62.99486943899998	986.078602999999
64.94450943899997	987.541682999999
66.92083943899998	988.968502999999
68.92392943899998	990.357512999999
70.95366943899998	991.707242999999
73.00981943899998	993.0163929999991
75.09195943899998	994.283832999999
77.19948943899998	995.508592999999
79.33165943899998	996.689932999999
81.48757943899997	997.8273329999989
83.66624943899997	998.920522999999
85.86655943899997	999.969482999999
88.08732943899997	1000.974422999999
90.32729943899997	1001.935770999999
92.58521943899997	1002.854198999999
94.85979943899997	1003.7305659999989
97.14975943899996	1004.5658969999989
99.45386943899996	1005.3613819999989
101.77091943899995	1006.1183309999989
104.09977943899996	1006.8381539999989
106.43936943899996	1007.5223329999989
108.78871943899996	1008.1724119999989
111.09487943899997	1008.8361299999989
113.38512943899997	1009.5531059999989
115.67021943899996	1010.286378999999
117.95952943899997	1011.006328999999
120.25933943899996	1011.6919609999991
122.57276943899996	1012.3300669999991
124.90055943899995	1012.9135399999991
127.24199943899995	1013.4396159999991
129.59558943899995	1013.9083749999991
131.95955943899995	1014.3216339999991
134.33213943899995	1014.6821679999991
136.71171943899995	1014.9932059999992
139.09688943899994	1015.2581129999992
141.48642943899995	1015.4801989999992
143.87932943899995	1015.6626179999992
146.27472943899994	1015.8083129999992
148.65051943899994	1015.9307809999992
151.02683943899993	1016.0426039999992
153.40373943899993	1016.1415460999992
155.78123943899993	1016.2248981999992
158.15930943899994	1016.2894633999991
160.53786943899993	1016.3316366999991
162.91674943899994	1016.3476738999991
165.29564943899993	1016.3342420999991
167.67414943899993	1016.2892616999991
170.05185943899994	1016.2128184999991
172.42847943899994	1016.1076714999991
174.80393943899995	1015.9789244999992
177.17840943899995	1015.8329324999992
179.55221943899994	1015.6760134999992
182.01588943899995	1015.5238254999991
184.48096943899995	1015.3961554999992
186.94694943899995	1015.2873294999991
189.41349943899996	1015.1922258999991
191.88037943899997	1015.1061558999992
194.34743943899997	1015.0247624999992
196.81449943899997	1014.9439383999992
199.28144943899997	1014.8597525999992
201.74813943899997	1014.7683910999992
204.21439943899998	1014.6661000999992
206.68000943899997	1014.5491360999991
209.144679439	1014.4137210999992
211.60801943899997	1014.2559970999991
214.06952943899998	1014.0719820999991
216.528559439	1013.857529099999
218.984309439	1013.6082840999991
221.43573943899997	1013.3196430999991
223.88153943899997	1012.986717099999
226.32007943899995	1012.604288099999
228.74932943899995	1012.1667830999991
231.16677943899995	1011.6682480999991
233.56933943899995	1011.1023320999991
235.95319943899995	1010.462313099999
238.31374943899993	1009.7411270999991
240.64540943899993	1008.931469099999
242.94149943899993	1008.025948099999
245.19415943899992	1007.017318099999
247.3942694389999	1005.898788099999
249.5315194389999	1004.664458099999
251.5945594389999	1003.309818099999
253.5713794389999	1001.832248099999
255.44979943899992	1000.2315380999989
257.2182694389999	998.5101480999989
258.8665494389999	996.6733680999989
260.3865694389999	994.7289380999989
261.7872194389999	992.7008480999989
263.0815794389999	990.6033280999989
264.26410943899987	988.4408080999989
265.33057943899985	986.2187480999988
266.27827743899985	983.9434980999988
267.1061914389999	981.6219580999988
267.81499743899985	979.2613080999988
268.40697143899985	976.8686680999988
268.88580343899986	974.4508280999988
269.25633343899983	972.0140080999988
269.5242594389998	969.5637680999988
269.6958654389998	967.1048780999988
269.7777630389998	964.6413480999988
269.7766789389998	962.1764280999988
269.6992894389998	959.7127080999988
269.5521004389998	957.2521680999988
269.3413614389998	954.7962480999988
269.0730144389998	952.3459280999988
268.7526754389998	949.9018580999988
268.3856174389998	947.4643580999988
267.9767864389998	945.0335080999988
267.5308124389998	942.6091980999988
267.0520274389998	940.1911380999989
266.5444984389998	937.7789480999988
266.01204543899985	935.3721380999989
265.4582684389998	932.9701380999988
264.88657843899983	930.5723380999989
264.3002184389998	928.1780880999988
263.7022834389998	925.7866880999989
263.0957564389998	923.3974680999988
262.48350843899976	921.0096880999988
261.8683434389998	918.6226580999988
261.2530014389998	916.2356880999988
260.6401724389998	913.8480580999989
260.0325334389998	911.4591080999988
259.4327484389998	909.0681780999988
258.8434834389998	906.6746280999988
258.26743443899977	904.2778680999988
257.70732843899975	901.8773280999989
257.16594743899975	899.4725080999989
256.64612943899976	897.0629280999989
256.15079543899975	894.6482080999989
255.68294543899975	892.2280180999988
255.24567643899977	889.8021180999989
254.84219043899978	887.3703780999989
254.47579243899978	884.932768099999
254.1499024389998	882.4894180999989
253.86804743899978	880.040598099999
253.63385743899977	877.586768099999
253.45105743899978	875.128588099999
253.32343343899979	872.666728099999
252.7313914389998	870.2392880999989
252.2143834389998	867.7947180999989
251.75701743899978	865.3382580999989
251.34837943899979	862.8732180999989
250.98041843899978	860.4017580999989
250.6470094389998	857.9253980999989
250.34337143899978	855.445198099999
250.06569043899978	852.9619580999989
249.81087043899979	850.4762780999989
249.57635343899977	847.9885880999989
249.36000443899977	845.4992480999989
249.16001843899977	843.008548099999
248.97484943899977	840.5167080999989
248.80316543899977	838.0238880999989
248.64381043899976	835.5302580999988
248.49576843899976	833.0359280999988
248.35814543899977	830.5409980999989
248.23014843899978	828.0455580999989
248.11106943899978	825.5496780999988
248.00027343899978	823.0534180999988
247.8971894389998	820.5568280999988
247.80129873899978	818.0599580999989
247.71213143899976	815.5628180999989
247.62925973899976	813.0654780999989
247.55229073899977	810.567938099999
247.48086513899977	808.070238099999
247.41465093899978	805.572398099999
247.35334163899978	803.074428099999
247.2966537389998	800.576348099999
247.2443238389998	798.078168099999
247.1961069389998	795.579918099999
247.15177383899982	793.081588099999
247.11111083899982	790.583198099999
247.07391733899982	788.084758099999
247.0400048389998	785.586258099999
247.0091962389998	783.087728099999
246.9813243389998	780.589158099999
246.9562311389998	778.090558099999
246.93376723899982	775.5919380999991
246.91379093899982	773.0932980999991
246.89616773899982	770.5946280999991
246.88076963899982	768.0959480999991
246.8674748389998	765.5972580999991
246.85616693899982	763.098568099999
246.84673468899982	760.5998580999991
246.8390717989998	758.1011480999991
246.8330762389998	755.6024380999992
246.8286501189998	753.1037280999992
246.8256993289998	750.6050080999992
246.8241333189998	748.1062780999991
246.8238647879998	745.6075580999991
246.8248094609998	743.108838099999
246.8268858909998	740.6101280999991
246.8300152609998	738.1114180999991
246.8341212109998	735.6126980999991
246.83912962099978	733.113978099999
246.84496849099978	730.6152680999991
246.85156778099977	728.1165580999991
246.85885925099979	725.6178480999992
246.86677640099978	723.1191380999992
246.87525426099978	720.6204280999992
246.88422926099977	718.1217280999992
246.89363930099978	715.6230180999993
246.90342344099977	713.1243080999993
246.91352184099978	710.6255980999994
246.9238757409998	708.1268980999994
246.9344274409998	705.6281980999994
246.9451200409998	703.1294880999994
246.9558973409998	700.6307880999994
246.9667039409998	698.1320980999994
246.9774851409998	695.6333980999995
246.9881868409998	693.1346980999995
246.9987552409998	690.6359880999995
247.0091371409998	688.1372980999995
247.0192798409998	685.6385880999995
247.0291306309998	683.1398980999995
247.03863731099977	680.6411980999995
247.04774783099978	678.1424880999996
247.05641016099977	675.6437880999996
247.06457247099976	673.1450780999996
247.07218283099976	670.6463780999997
247.07918939099977	668.1476680999997
247.08554014099977	665.6489580999997
247.09118295099978	663.1502380999997
247.09606541099978	660.6515180999996
247.1001349009998	658.1528080999997
247.10333848099978	655.6540880999996
247.10562282099977	653.1553680999996
247.10693414099978	650.6566380999996
247.10721816999978	648.1579180999995
247.10642009199978	645.6591980999995
247.10448445199978	643.1604780999994
247.10135513199978	640.6617580999994
247.0969752419998	638.1630380999993
247.0912871019998	635.6643180999993
247.0842321819998	633.1656180999993
247.0757508919998	630.6669080999993
247.0657826819998	628.1681980999994
247.0542659819998	625.6695080999993
247.04113788199982	623.1708180999993
247.02633438199982	620.6721380999993
247.00978998199983	618.1734780999993
246.99143778199982	615.6748280999993
246.9712093819998	613.1761880999993
246.9490347819998	610.6775580999993
246.92484228199982	608.1789580999992
246.89855798199983	605.6803680999992
246.87010658199983	603.1818180999992
246.83941018199982	600.6832880999992
246.80638888199982	598.1847780999992
246.77096078199983	595.6863180999992
246.73304088199984	593.1878880999992
246.69254178199984	590.6894980999992
246.64937298199985	588.1911380999992
246.60344158199985	585.6928380999992
246.55465128199984	583.1945980999992
246.50290178199984	580.6963980999992
246.44809028199984	578.1982780999992
246.39010918199983	575.7002280999992
246.32884738199982	573.2022580999992
246.26418878199982	570.7043580999992
246.1960135819998	568.2065680999992
246.1241959819998	565.7088680999992
246.0486060819998	563.2112980999992
245.96910728199978	560.7138480999993
245.8855570819998	558.2165280999993
245.7978065819998	555.7193380999993
245.7057005819998	553.2223180999993
245.60907548199978	550.7254680999993
245.50776048199978	548.2288080999992
245.40157548199977	545.7323480999993
245.29033048199977	543.2360980999993
245.17382748199978	540.7400980999993
245.05185548199978	538.2443480999992
244.9241934819998	535.7488780999993
244.7906064819998	533.2537180999992
244.6508464819998	530.7589080999992
244.5046504819998	528.2644680999991
244.3517384819998	525.7704380999992
244.1918114819998	523.2768380999992
244.0245534819998	520.7837080999992
243.8496264819998	518.2911180999993
243.66666748199978	515.7991080999992
243.47528848199977	513.3077280999992
243.27507348199978	510.8170380999992
243.0655724819998	508.3271180999992
242.8463034819998	505.8380380999992
242.6167414819998	503.3498780999992
242.3763204819998	500.86274809999924
242.1244234819998	498.37674809999925
241.8603804819998	495.89202809999927
241.5834534819998	493.40868809999927
241.2928404819998	490.92692809999926
240.9876554819998	488.44692809999924
240.6669174819998	485.9688880999992
240.3295384819998	483.4930480999992
239.9743114819998	481.0197080999992
239.5998814819998	478.5491980999992
239.2047294819998	476.08192809999923
238.7871324819998	473.61834809999925
238.3451344819998	471.15902809999926
237.8764984819998	468.7046580999993
237.37864148199978	466.2560480999993
236.8485694819998	463.8142180999993
236.2827684819998	461.3804180999993
235.6770914819998	458.9562480999993
235.02657848199982	456.5437280999993
234.32524148199983	454.14550809999935
233.56575148199983	451.76508809999933
232.73901448199982	449.40719809999933
231.8335914819998	447.07843809999935
230.8348534819998	444.78820809999934
229.7238434819998	442.5504180999993
228.4757334819998	440.38632809999933
227.05815348199982	438.3297080999993
225.43056348199983	436.4358480999993
223.54938348199983	434.7956280999993
221.39052348199982	433.5474680999993
218.99735348199982	432.8526610999993
216.61732348199982	432.5107520999993
214.23097348199983	432.2163640999993
211.83814348199982	431.98059809999927
209.43924348199982	431.81834109999926
207.0359134819998	431.74998579999925
204.63237348199982	431.80403979999926
202.23829348199982	432.02090879999923
199.87494348199982	432.45745979999924
197.58664348199983	433.18876779999925
195.45564348199983	434.29456779999924
193.59743348199981	435.81308779999927
192.1024334819998	437.69101779999926
190.9727434819998	439.8106977999993
190.1412624819998	442.0654477999993
189.5274464819998	444.38963779999926
189.0651004819998	446.74897779999924
188.70588848199978	449.1263477999992
188.4154934819998	451.51318779999923
188.1694404819998	453.9050377999992
187.9499824819998	456.2994877999992
187.7440074819998	458.6951277999992
187.5416534819998	461.0910977999992
187.33539048199978	463.4867377999992
187.1193944819998	465.8815077999992
186.8891184819998	468.27493779999924
186.6409744819998	470.6666977999992
186.4097124819998	473.1495877999992
186.2290724819998	475.6367377999992
186.0763534819998	478.1257677999992
185.9420634819998	480.6158577999992
185.8211534819998	483.1066377999992
185.7105574819998	485.5979077999992
185.60824948199982	488.08953779999916
185.5128053819998	490.5814277999992
185.42318048199982	493.07352779999917
185.3385807819998	495.56580779999916
185.2583863819998	498.0582377999992
185.1821026819998	500.5507977999992
185.1093275819998	503.0434577999992
185.0397286819998	505.53619779999923
184.9730278819998	508.0290177999992
184.9089892819998	510.52191779999924
184.8474118819998	513.0148777999992
184.78812188199979	515.5078977999992
184.7309682819998	518.0009677999992
184.6758190819998	520.4940777999992
184.6225578819998	522.9872277999992
184.5710816819998	525.4804077999993
184.5212988819998	527.9736177999993
184.4731275819998	530.4668677999992
184.42649458199978	532.9601477999993
184.38133368199976	535.4534577999992
184.33758538199976	537.9467977999992
184.29519578199975	540.4401677999992
184.25411618199976	542.9335477999992
184.21430208199976	545.4269377999992
184.17571278199975	547.9203677999992
184.13831158199974	550.4138177999993
184.10206498199975	552.9072777999993
184.06694238199975	555.4007477999993
184.03291538199974	557.8942377999992
183.99995868199974	560.3877277999992
183.96804858199974	562.8812477999992
183.93716388199974	565.3747677999992
183.90728498199974	567.8683077999992
183.87839408199974	570.3618577999993
183.85047508199975	572.8554177999993
183.82351328199974	575.3489977999992
183.79749558199973	577.8425877999993
183.77241008199974	580.3361877999993
183.74824628199974	582.8297877999993
183.72499468199973	585.3233877999993
183.70264688199973	587.8170177999993
183.6811958819997	590.3106477999994
183.66063548199972	592.8042877999994
183.6409605819997	595.2979277999995
183.6221668819997	597.7915877999994
183.60425138199972	600.2852377999994
183.58721168199972	602.7788977999994
183.57104648199973	605.2725577999994
183.55575528199972	607.7662177999994
183.54133848199973	610.2598877999993
183.52779728199974	612.7535677999994
183.51513398199972	615.2472477999994
183.50335148199972	617.7409377999994
183.49245388199972	620.2346277999994
183.48244588199972	622.7283377999994
183.4733334219997	625.2220377999994
183.4651230519997	627.7157477999993
183.45782250199971	630.2094577999993
183.4514403919997	632.7031677999993
183.4459863619997	635.1968777999992
183.4414711119997	637.6905977999993
183.4379064519997	640.1843177999993
183.43530532199972	642.6780477999994
183.4336818719997	645.1717677999994
183.43305151399971	647.6654877999995
183.43343098999972	650.1592177999995
183.4348384399997	652.6529377999996
183.43729352999972	655.1466577999996
183.44081748999972	657.6403677999996
183.4454332599997	660.1340777999995
183.4511656699997	662.6277977999996
183.45804141999972	665.1215077999996
183.4660893999997	667.6152177999995
183.4753407599997	670.1089177999995
183.48582925999972	672.6026277999995
183.49759115999973	675.0963177999995
183.51066585999973	677.5899977999995
183.52509585999974	680.0836677999995
183.54092745999975	682.5773277999995
183.55821075999975	685.0709877999994
183.57700025999975	687.5646377999994
183.59735525999974	690.0582677999995
183.61934055999976	692.5518977999996
183.64302705999975	695.0455077999995
183.66849245999975	697.5390977999996
183.69582215999975	700.0326677999996
183.72511045999974	702.5262277999996
183.75646155999974	705.0197477999995
183.78999125999974	707.5132377999995
183.82582885999975	710.0066877999996
183.86411905999975	712.5001077999996
183.90502455999976	714.9934777999996
183.94872995999975	717.4868077999996
183.99544515999975	719.9800877999996
184.04402115999974	722.4769677999997
184.09303585999973	724.9738477999997
184.14252395999972	727.4707277999997
184.19252205999973	729.9675877999997
184.24307005999972	732.4644377999997
184.29421025999972	734.9612677999997
184.3459885599997	737.4580877999997
184.3984538599997	739.9548977999997
184.45165855999971	742.4516877999997
184.5056592599997	744.9484777999998
184.5605159599997	747.4452277999998
184.61629415999968	749.9419777999998
184.6730630599997	752.4386977999998
184.7308972599997	754.9353777999997
184.78987725999968	757.4320477999997
184.85008845999968	759.9286777999997
184.91162305999967	762.4252777999997
184.97457915999968	764.9218377999997
185.03906205999968	767.4183677999997
185.1051839599997	769.9148477999997
185.1730643599997	772.4112877999997
185.2428303599997	774.9076777999998
185.3146168599997	777.4040077999997
185.38856685999968	779.9002877999997
185.4648304599997	782.3964877999997
185.54356595999968	784.8926077999997
185.6249390599997	787.3886477999997
185.70912165999968	789.8845877999997
185.79629245999968	792.3804277999998
185.8866336599997	794.8761477999998
185.9803322599997	797.3717477999998
186.0775755599997	799.8672077999997
186.1785515599997	802.3625177999998
186.2834445599997	804.8576777999998
186.39243155999972	807.3526577999999
186.5056825599997	809.8474477999998
186.6233545599997	812.3420377999998
186.7455855599997	814.8364077999998
186.87249755999972	817.3305477999999
187.0041855599997	819.8244377999998
187.1407185599997	822.3180677999999
187.28213655999969	824.8114177999998
187.42844855999968	827.3044777999999
187.5796295599997	829.7972477999998
187.73562255999968	832.2897277999998
187.8963365599997	834.7819077999998
188.0616505599997	837.2737877999998
188.2314155599997	839.7653777999998
188.4054575599997	842.2566777999998
188.5835785599997	844.7476777999998
188.7655655599997	847.2383977999998
188.9511935599997	849.7288477999998
189.1402255599997	852.2190377999998
189.33242455999968	854.7089977999998
189.52754755999968	857.1987177999998
189.72535755999968	859.6882277999998
189.92562155999968	862.1775377999999
190.12811755999968	864.6667277999999
190.32495355999967	867.1172277999999
190.51423355999967	869.5683177999999
190.69510755999966	872.0200577999999
190.86660055999965	874.4724577999999
191.02759655999967	876.9255777999999
191.17680355999966	879.3794377999999
191.31272455999965	881.8340677999998
191.43360955999964	884.2894877999998
191.53740555999963	886.7456877999998
191.62168065999964	889.2026277999998
191.68354185999965	891.6602377999999
191.71951645999965	894.1183677999999
191.72540483999964	896.5767477999999
191.69608853999964	899.0349577999999
191.62527913999963	901.4922978
191.50519213999962	903.9477178
191.32613613999962	906.3995077999999
191.07599813999963	908.8450377999999
190.7396721399996	911.2801677999998
190.2985291399996	913.6984277999999
189.7302441399996	916.0898877999999
189.0096211399996	918.4397677999999
188.1114571399996	920.7275278
187.1000471399996	922.8533477999999
185.9718171399996	924.9195477999999
184.72789713999958	926.9182077999999
183.36766713999958	928.8395477999999
181.88860713999958	930.6708977999999
180.28617713999958	932.3951877999999
178.55377713999957	933.9886277999999
176.68324713999957	935.4169177999999
174.66665713999956	936.6294177999998
172.44010713999955	937.5355537999998
170.11820713999956	938.1647727999998
167.75437713999955	938.6136187999998
165.36852713999954	938.9261057999998
162.97042713999954	939.1244737999998
160.56598713999955	939.2196808999998
158.15966713999956	939.2154875199999
155.75567713999956	939.1099285199999
153.35900713999956	938.8952835199999
150.97673713999956	938.5566585199999
148.57888713999955	938.07483952
146.20416713999956	937.48896552
143.84935713999957	936.82739052
141.51209713999958	936.10619252
139.19073713999958	935.3352895200001
136.88419713999957	934.5211065200001
134.59180713999956	933.6678635200001
132.31326713999957	932.7782795200001
130.04860713999958	931.8539635200001
127.79813713999957	930.8955995200001
125.56253713999956	929.9030575200002
123.34285713999957	928.8753975200002
121.14065713999956	927.8107975200002
118.95818713999957	926.7063475200001
116.79863713999957	925.5577575200001
114.66663713999957	924.3587175200001
112.585	923.101
110.549	921.773
108.557	920.378
106.611	918.921
104.709	917.406
102.852	915.835
101.042	914.212
99.2795	912.537
97.5654	910.812
95.9016	909.039
94.2905	907.218
92.7349	905.349
91.238	903.433
89.8043	901.469
88.4387	899.457
87.1477	897.397
85.939	895.287
84.8223	893.127
83.7803	890.95
82.7798	888.753
81.8314	886.533
80.945	884.288
80.1278	882.017
79.3835	879.721
78.7113	877.403
78.1065	875.066
77.5624	872.714
77.0708	870.351
76.6236	867.979
76.2136	865.6
75.8341	863.216
75.4797	860.829
75.1459	858.438
74.829	856.045
74.5258	853.651
74.2339	851.254
73.9511	848.857
73.676	846.459
73.407	844.06
73.1367	841.594
72.8732	839.127
72.6166	836.66
72.3668	834.192
72.1237	831.723
71.8875	829.253
71.6581	826.783
71.4354	824.312
71.2195	821.841
71.0103	819.369
70.8077	816.896
70.6119	814.423
70.4227	811.95
70.24	809.475
70.0639	807.001
69.8943	804.526
69.7311	802.05
69.5743	799.575
69.4239	797.098
69.2797	794.622
69.1418	792.145
69.0101	789.667
68.8844	787.19
68.7648	784.712
68.6512	782.233
68.5434	779.755
68.4416	777.276
68.3454	774.797
68.255	772.318
68.1702	769.839
68.091	767.359
68.0172	764.879
67.9488	762.399
67.8858	759.919
67.828	757.439
67.7754	754.959
67.728	752.479
67.6855	749.998
67.648	747.518
67.6154	745.037
67.5875	742.556
67.5644	740.076
67.546	737.595
67.5321	735.114
67.5227	732.633
67.5177	730.152
67.5171	727.672
67.5208	725.191
67.5287	722.71
67.5407	720.229
67.5568	717.748
67.5769	715.268
67.6009	712.787
67.6288	710.306
67.6604	707.825
67.6958	705.345
67.7348	702.864
67.7774	700.384
67.8235	697.904
67.8731	695.423
67.9261	692.943
67.9824	690.463
68.042	687.983
68.1048	685.503
68.1708	683.023
68.2398	680.543
68.3119	678.063
68.387	675.583
68.465	673.104
68.5459	670.624
68.6296	668.145
68.716	665.665
68.8052	663.186
68.8971	660.707
68.9915	658.228
69.0885	655.749
69.1881	653.27
69.2901	650.791
69.3945	648.313
69.5013	645.834
69.6104	643.356
69.7218	640.878
69.8355	638.399
69.9513	635.921
70.0693	633.443
70.1895	630.965
70.3117	628.487
70.436	626.01
70.5622	623.532
70.6904	621.055
70.8206	618.577
70.9526	616.1
71.0865	613.623
71.2223	611.145
71.3598	608.668
71.499	606.192
71.64	603.715
71.7827	601.238
71.927	598.761
72.0729	596.285
72.2205	593.808
72.3696	591.332
72.5202	588.856
72.6724	586.38
72.826	583.904
72.9811	581.428
73.1376	578.952
73.2955	576.476
73.4548	574.0
73.615357	571.51675
73.776163	569.03351
73.93725599999999	566.5503
74.09868099999998	564.0671
74.26048699999998	561.58393
74.42273099999998	559.1008
74.58547899999998	556.61769
74.74880599999997	554.13462
74.91279699999997	551.6516
75.07755399999996	549.16863
75.24319299999996	546.6857200000001
75.40985299999996	544.20289
75.57769699999996	541.7201200000001
75.74691699999995	539.23746
75.91774799999996	536.75489
76.09047099999997	534.27247
76.26543399999997	531.7902
76.44306799999997	529.30812
76.62391299999997	526.82628
76.80866399999998	524.34472
76.99822399999998	521.8635200000001
77.19379599999998	519.3827800000001
77.39702699999998	516.9026600000001
77.61024299999998	514.4233800000001
77.83686299999998	511.9453000000001
78.08217399999998	509.4690000000001
78.35489899999997	506.99558000000013
78.67075799999998	504.52734000000015
79.06169499999997	502.06999000000013
79.60324499999997	499.64206000000013
80.47560299999998	497.3157600000001
81.25966399999997	495.23961000000014
81.84548199999998	493.09707000000014
82.32968099999998	490.92913000000016
82.73701599999998	488.74539000000016
83.07313399999998	486.54956000000016
83.33239799999998	484.34335000000016
83.58203699999999	481.91576000000015
83.85685499999998	479.4909000000001
84.15749799999998	477.0691000000001
84.48465699999997	474.6507400000001
84.83907999999997	472.2362200000001
85.22157199999997	469.82600000000014
85.63300799999996	467.42054000000013
86.07433399999996	465.0203800000001
86.54657199999997	462.6261200000001
87.05083899999997	460.2384000000001
87.58834999999996	457.85795000000013
88.16042999999996	455.4855700000001
88.76852599999997	453.1221700000001
89.41422499999996	450.7687600000001
90.09926999999996	448.4265000000001
90.82556899999996	446.09672000000006
91.59524499999996	443.7809000000001
92.41062299999996	441.4807800000001
93.27428299999995	439.19837000000007
94.18909599999995	436.93597000000005
95.15823999999995	434.69632000000007
96.18524999999995	432.4826300000001
97.27405999999995	430.2986700000001
98.42903999999994	428.14900000000006
99.65503999999994	426.03904000000006
100.95739999999994	423.97538000000003
102.34196999999993	421.96598
103.81502999999994	420.02059
105.38321999999994	418.15110000000004
107.05319999999993	416.37204
108.83127999999994	414.70103
110.70720999999993	413.11966
112.64924999999994	411.62029
114.65909999999994	410.21316
116.73645999999994	408.90781000000004
118.87886999999994	407.71227000000005
121.08178999999994	406.63228000000004
123.33892999999995	405.67075000000006
125.64290999999994	404.82753600000007
127.98590999999995	404.0996410000001
130.36031999999994	403.48169300000006
132.75917999999996	402.9666200000001
135.17647999999997	402.54633100000007
137.60721999999998	402.2123240000001
140.04742	401.9561450000001
142.49396	401.7697120000001
144.94447	401.6455010000001
147.39715999999999	401.5766421000001
149.85073999999997	401.55694310000007
152.30429999999998	401.5808744000001
154.75718999999998	401.64352800000006
157.20901999999998	401.74056540000004
159.60806999999997	401.88548240000006
162.00132999999997	402.10579240000004
164.38497999999996	402.4128764
166.75361999999996	402.8196014
169.09995999999995	403.3394754
171.41501999999994	403.9843364
173.68980999999994	404.75932040000004
175.92039999999994	405.65384040000004
178.11722999999995	406.62881940000005
180.31348999999994	407.6050124000001
182.55698999999996	408.4654894000001
184.87596999999997	409.09173140000007
187.25485999999998	409.4236954000001
189.65671999999998	409.4782467000001
192.12431999999998	409.4061454000001
194.59161999999998	409.3243352000001
197.05844999999997	409.22929090000014
199.52457999999996	409.11764390000013
201.98970999999995	408.98611490000013
204.45350999999994	408.83145490000015
206.91549999999995	408.6504059000002
209.37512999999996	408.4396499000002
211.83168999999995	408.19577790000017
214.28431999999995	407.91525190000016
216.73200999999995	407.5943699000002
219.17346999999995	407.22924190000015
221.60720999999995	406.81575690000017
224.03139999999996	406.3495649000002
226.44383999999997	405.8260589000002
228.84191999999996	405.2403579000002
231.22254999999996	404.5873129000002
233.58198999999996	403.8615409000002
235.91587999999996	403.0574449000002
238.21907999999996	402.16930590000015
240.48559999999998	401.19138990000016
242.70851	400.11812990000016
244.87998	398.9443099000002
246.99122	397.66538990000015
249.03263	396.27780990000014
250.99406000000002	394.77932990000016
252.86507000000003	393.1694099000002
254.63542000000004	391.4494599000002
256.29563	389.6229399000002
257.73904000000005	387.6693799000002
258.90001000000007	385.5356699000002
259.77971600000006	383.2710499000002
260.4041420000001	380.9227399000002
260.8131380000001	378.5271199000002
261.0500420000001	376.1081399000002
261.1557430000001	373.6796999000002
261.1666338000001	371.24888990000017
261.11473030000013	368.81852990000016
261.0286823000001	366.38911990000014
260.9350445000001	363.9599799000001
260.8595644000001	361.5302299000001
260.8284029000001	359.0995499000001
260.86926060000013	356.6690799000001
261.0123036000001	354.2425899000001
261.29064060000013	351.8279699000001
261.65878660000016	349.3703199000001
262.03189160000016	346.91343990000007
262.4099006000002	344.45729990000007
262.7927516000002	342.00190990000004
263.1803816000002	339.54725990000003
263.5727226000002	337.0933699
263.9697096000002	334.64021990000003
264.3712716000002	332.1878199
264.77733960000023	329.73614990000004
265.18783660000025	327.28522990000005
265.60269260000024	324.83504990000006
266.0218316000002	322.38558990000007
266.4451786000002	319.9368499000001
266.8726556000002	317.4888299000001
267.3041836000002	315.0415299000001
267.7396886000002	312.5949199000001
268.17909060000017	310.14900990000007
268.62230960000016	307.7037999000001
269.06927060000015	305.2592599000001
269.51989160000016	302.8154099000001
269.97409860000016	300.3722099000001
270.4318116000002	297.9296699000001
270.89295460000017	295.4877699000001
271.35745060000016	293.0465099000001
271.8252216000002	290.6058799000001
272.2961966000002	288.1658499000001
272.7702966000002	285.7264399000001
273.2474506000002	283.2876199000001
273.7275856000002	280.8493799000001
274.21062560000024	278.41172990000007
274.69650660000025	275.9746299000001
275.18515260000027	273.5380899000001
275.6764996000003	271.1020799000001
276.1704626000003	268.6666799000001
276.66774760000027	266.2259999000001
277.16700960000026	263.7857299000001
277.66865760000024	261.3459599000001
278.17316160000024	258.9067699000001
278.6810526000002	256.4682699000001
279.19293360000023	254.03061990000012
279.70949460000026	251.59394990000013
280.23151960000024	249.15843990000013
280.75989160000023	246.72429990000012
281.2956096000002	244.2917799000001
281.8397966000002	241.8611299000001
282.3937036000002	239.4326699000001
282.9587126000002	237.00677990000008
283.5363386000002	234.58386990000008
284.1282196000002	232.1643899000001
284.7360916000002	229.74887990000008
285.36175560000015	227.33792990000006
286.00703460000017	224.93215990000007
286.6737016000002	222.5322199000001
287.3633986000002	220.1388099000001
288.0775606000002	217.7525699000001
288.8173016000002	215.3741499000001
289.58335760000017	213.0040699000001
290.3760136000002	210.6427599000001
291.1950866000002	208.2904699000001
292.0399156000002	205.94731990000008
292.9094326000002	203.61320990000007
293.8022186000002	201.28789990000007
294.7165926000002	198.97098990000006
295.6507106000002	196.66197990000006
296.6026636000002	194.36025990000007
297.5705406000002	192.06518990000006
298.55249160000017	189.77609990000008
299.54677160000017	187.49232990000007
300.55175160000016	185.21326990000009
301.56598160000016	182.9382899000001
302.58812160000014	180.66685990000008
303.6169916000001	178.39847990000007
304.6515516000001	176.13268990000006
305.6908916000001	173.86906990000006
306.7342016000001	171.60728990000007
307.7807816000001	169.34701990000008
308.8300216000001	167.08796990000008
309.8821016000001	164.8311199000001
310.93912160000014	162.5765799000001
312.0027116000001	160.3251299000001
313.0749816000001	158.0777999000001
314.15870160000014	155.8359699000001
315.25751160000016	153.60150990000008
316.37616160000016	151.37690990000007
317.52078160000013	149.16556990000007
318.6990616000001	146.97200990000007
319.9201416000001	144.80199990000008
321.1938016000001	142.6624399000001
322.5285716000001	140.56050990000008
323.92904160000006	138.5017799000001
325.39349160000006	136.4880299000001
326.91378160000005	134.5160799000001
328.47788160000005	132.5786499000001
330.07318160000005	130.6667199000001
331.6776816	128.7809899000001
333.29560160000005	126.9067599000001
334.9273716000001	125.04458990000009
336.5734416000001	123.19501990000009
338.2342316000001	121.35867990000008
339.9102016000001	119.53617990000008
341.60181160000013	117.72819990000008
343.30954160000016	115.93542990000007
345.03386160000014	114.15859990000007
346.77524160000013	112.39848990000007
348.5341616000001	110.65590990000007
350.31110160000014	108.93171990000008
352.1065416000001	107.22679990000007
353.9209616000001	105.54208990000008
355.7548316000001	103.87856990000007
357.6086016000001	102.23725990000007
359.4827116000001	100.61922990000006
361.37760160000005	99.02557990000007
363.29367160000004	97.45745990000007
365.2313116	95.91605990000008
367.19085160000003	94.40260990000007
369.17261160000004	92.91836990000007
371.1768516	91.46464990000007
373.2038016	90.04274990000008
375.2536116	88.65402990000007
377.3264116	87.29983990000007
379.42221159999997	85.98154990000006
381.54100159999996	84.70051990000006
383.6826516	83.45810990000005
385.84699159999997	82.25564990000005
388.0337416	81.09442990000005
390.2425116	79.97571990000006
392.4728816	78.90069990000006
394.7243016	77.87048990000007
396.9961416	76.88613590000007
399.28769159999996	75.94857590000007
401.59815159999994	75.05864890000007
403.92666159999993	74.21706690000006
406.27227159999995	73.42442290000007
408.63401159999995	72.68116790000006
411.01082159999993	71.98761790000006
413.4016115999999	71.34394690000006
415.8052915999999	70.75017390000006
418.22072159999993	70.20618690000006
420.64678159999994	69.71172590000006
423.08234159999995	69.26639590000006
425.5262716	68.86967990000007
427.9775216	68.52093090000007
430.43502159999997	68.21939990000007
432.8977716	67.96423490000006
435.36482159999997	67.75449590000007
437.8352316	67.58916890000006
440.3081716	67.46717190000007
442.7828216	67.38737270000007
445.2584616	67.34859430000007
447.7344116	67.34962907000008
450.2100416	67.38924717000008
452.6848016	67.46620577000007
455.1581716	67.57925677000007
457.6297016	67.72715577000007
460.0990816	67.90867177000007
462.5594016	68.08177677000008
465.0217816	68.22293977000008
467.4852116	68.34443377000008
469.94929160000004	68.45199577000008
472.41383160000004	68.54885037000008
474.87868160000005	68.63701397000008
477.34379160000003	68.71784107000008
479.8091016	68.79228397000007
482.2745616	68.86103517000006
484.74017160000005	68.92461047000006
487.20590160000006	68.98339747000006
489.67173160000004	69.03768937000005
492.1376516	69.08770577000006
494.60365160000003	69.13360767000006
497.0697316	69.17550727000005
499.5358716	69.21347457000006
502.0020716	69.24754237000006
504.4683216	69.27770827000006
506.9346216	69.30393657000006
509.40095160000004	69.32615757000006
511.86731160000005	69.34426687000007
514.3337016	69.35812187000008
516.8001116	69.36753801000008
519.2665716	69.37228234000007
521.7244816	69.37584487000007
524.1823816	69.38203523000007
526.6402716	69.39104402000007
529.0981516	69.40307632000007
531.5560116	69.41835262000006
534.0138516000001	69.43711062000007
536.4716616000001	69.45960612000007
538.9294316	69.48611532000008
541.3871616	69.51693592000008
543.8448116	69.55238932000007
546.3023916	69.59282292000007
548.7598816	69.63861192000007
551.2172615999999	69.69016212000007
553.6745015999999	69.74791222000007
556.1315715999999	69.81233682000007
558.5884415999999	69.88394952000007
561.0450715999999	69.96330592000007
563.5014216	70.05100722000007
565.9574316	70.14770252000007
568.4130515999999	70.25409452000007
570.8681816	70.37094052000006
573.3227416	70.49905652000007
575.7766515999999	70.63932352000006
578.2297815999999	70.79268452000007
580.6819815999999	70.96015052000007
583.1331015999998	71.14280052000007
585.5829415999998	71.34177752000006
588.0312915999998	71.55829352000006
590.4779115999999	71.79361952000006
592.9225115999999	72.04907752000007
595.3647715999999	72.32603152000007
597.8043216	72.62587052000008
600.2407716	72.94998752000008
602.6736616000001	73.29975452000008
605.1025116000001	73.67649352000008
607.5268216000001	74.08143852000008
609.9460516	74.51569752000007
612.3596616	74.98021052000007
614.7671015999999	75.47570352000007
617.1678416	76.00265452000006
619.5614216	76.56126252000007
621.9474216	77.15141952000008
624.3255015999999	77.77269752000008
626.6954416	78.42435852000008
629.0571116	79.10536352000008
631.4105216	79.81440352000008
633.7557916000001	80.54994252000009
636.0931116	81.31024652000009
638.4440116000001	82.10226552000009
640.7862316000001	82.91956552000009
643.1196016	83.76181252000009
645.4439516	84.62868152000009
647.7590816	85.51984252000008
650.0648415999999	86.43498652000008
652.3610716	87.37380852000008
654.6475915999999	88.33599652000008
656.9242716	89.32126452000008
659.1909516	90.32932452000009
661.4474816	91.35989452000008
663.6937215999999	92.41269452000009
665.9295415999999	93.48747452000009
668.1547915999998	94.5839645200001
670.3693415999999	95.7019045200001
672.5730515999999	96.8410545200001
674.7658015999999	98.0011745200001
676.9474615999999	99.18202452000011
679.1179015999999	100.38337452000012
681.2769915999999	101.60500452000012
683.4246015999998	102.84668452000012
685.5606115999999	104.10820452000013
687.6849215999999	105.38937452000013
689.7973816	106.68997452000013
691.8978816	108.00981452000013
693.9862916	109.34869452000014
696.0624915999999	110.70643452000014
698.1263615999999	112.08285452000014
700.1777715999999	113.47776452000014
702.2165915999999	114.89099452000013
704.2427115999999	116.32237452000014
706.2560115999999	117.77175452000014
708.2563515999999	119.23895452000015
710.2436215999999	120.72382452000015
712.2176715999999	122.22620452000015
714.1783815999999	123.74595452000015
716.1256315999999	125.28292452000015
718.0592815999998	126.83697452000015
719.9791915999998	128.40795452000015
721.8852315999998	129.99573452000016
723.7772615999997	131.60017452000017
725.6551615999997	133.22115452000017
727.5187615999997	134.85853452000018
729.3679315999997	136.51219452000018
731.2025215999997	138.18201452000017
733.0223915999998	139.86787452000016
734.8273915999997	141.56964452000017
736.6173615999998	143.28721452000016
738.3921515999998	145.02046452000016
740.1515915999998	146.76928452000016
741.8955415999999	148.53357452000014
743.6238215999999	150.31320452000014
745.3362616	152.10806452000014
747.0327116	153.91806452000014
748.7129916	155.74309452000014
750.3769116	157.58303452000015
752.0243115999999	159.43779452000015
753.6549915999999	161.30725452000016
755.2688415999999	163.19139452000016
756.8677015999998	165.06531452000016
758.4716015999998	166.93492452000015
760.0702915999998	168.80898452000014
761.6453915999998	170.70287452000014
763.1584215999998	172.64645452000013
764.5036115999998	174.70787452000013
765.1777435999998	177.04114452000013
763.6268235999997	178.79290452000012
761.2528035999998	179.42715452000013
758.8063535999997	179.70854552000014
756.3468635999998	179.84272552000013
753.8842335999998	179.89893392000013
751.4209635999998	179.90862114000012
748.9577335999999	179.88866504000012
746.4947435999999	179.84912004000012
744.0319835999999	179.79641814000013
741.5694335999999	179.73489164000011
739.1070335999999	179.66757294000013
736.6447435999999	179.59664964000012
734.1824935999998	179.52373594000014
731.7202835999998	179.45004704000013
729.2580535999998	179.37650924000013
726.7958035999998	179.30383914000012
724.3334035999998	179.2325918400001
721.8388535999998	179.1620442400001
719.3442635999997	179.0930412400001
716.8496335999997	179.0256547400001
714.3549635999997	178.9599592400001
711.8602335999997	178.8960328400001
709.3654635999997	178.83395764000008
706.8706535999996	178.7738190400001
704.3757835999996	178.7157060400001
701.8808635999997	178.6597119400001
699.3859035999997	178.60593434000012
696.8908835999997	178.55447484000013
694.3958235999997	178.50544014000013
691.9007235999998	178.45894114000012
689.4055635999997	178.4150938400001
686.9103635999998	178.3740196400001
684.4151135999997	178.3358452400001
681.9198035999997	178.30070244000012
679.4244635999996	178.26872964000012
676.9290835999997	178.2400706400001
674.4336635999997	178.2148757400001
671.9382135999997	178.1933014400001
669.4427435999997	178.17551094000012
666.9472435999998	178.16167404000012
664.4517135999997	178.1519678000001
661.9561735999997	178.1465762000001
659.4606335999997	178.1456905270001
656.9650935999997	178.14950939700012
654.4695635999997	178.15823891700012
651.9740535999997	178.1720927170001
649.4785835999998	178.19129181700012
646.9831635999998	178.2160647170001
644.4878035999998	178.2466474170001
641.9925235999998	178.2832831170001
639.4973535999998	178.32622171700012
637.0023035999998	178.37572021700012
634.5074035999997	178.43204141700014
632.0126635999998	178.49545421700014
629.5181235999997	178.56623261700014
627.0238135999997	178.64465481700014
624.5297735999997	178.73100241700016
622.0360235999997	178.82556041700016
619.5426135999996	178.92861441700015
617.0495735999997	179.04045041700016
614.5569535999997	179.16135241700016
612.0648035999997	179.29160341700015
609.5731935999996	179.43147841700014
607.0821435999997	179.58125041700015
604.5917335999997	179.74118141700015
602.1020135999996	179.91152241700016
599.6130435999996	180.09251241700017
597.1248935999996	180.28437641700017
594.6376135999996	180.48732141700017
592.1512835999996	180.70153441700018
589.6659635999996	180.92718241700018
587.1817135999996	181.16440741700018
584.6986135999996	181.41332541700018
582.2167235999996	181.6740264170002
579.7361135999996	181.9465704170002
577.2568235999996	182.23098941700022
574.7789235999996	182.5272814170002
572.3024835999996	182.8354134170002
569.8275235999996	183.1553234170002
567.3541035999996	183.4869144170002
564.8822635999995	183.8300584170002
562.4120335999995	184.1845984170002
559.9434435999996	184.55034641700018
557.4764935999996	184.92709141700018
555.0112235999995	185.31458941700018
552.5476235999995	185.71257941700017
550.0856935999994	186.12077541700017
547.6254335999995	186.5388744170002
545.1668135999995	186.9665574170002
542.7098235999995	187.4034894170002
540.2544235999994	187.8493264170002
537.8005935999994	188.3037144170002
535.3482935999994	188.7662954170002
532.8974935999994	189.2367034170002
530.4481435999994	189.7145764170002
528.0000735999994	190.19957241700018
525.5985835999994	190.68149441700018
523.1981935999994	191.16882341700017
520.7990035999994	191.66203841700016
518.4011335999994	192.16166741700016
516.0047335999994	192.66828141700017
513.6099535999995	193.18251041700017
511.2169835999995	193.70504141700016
508.82600359999947	194.23663341700015
506.4372435999995	194.77811641700015
504.0509535999995	195.33040741700015
501.6674235999995	195.89451041700013
499.2869935999995	196.47153341700013
496.9100435999995	197.06269441700013
494.5369935999995	197.66934441700013
492.1683435999995	198.29296741700014
489.8046935999995	198.93519341700014
487.4466735999995	199.59782741700013
485.09507359999947	200.28284441700012
482.7507535999995	200.99242041700012
480.4147535999995	201.72892241700012
478.0882635999995	202.4949344170001
475.7726735999995	203.29324541700012
473.46955359999953	204.1268574170001
471.18073359999954	204.99894741700012
468.9082935999995	205.91284941700013
466.6545835999995	206.87198841700013
464.4222235999995	207.87980841700013
462.2140935999995	208.93965841700015
460.0333035999995	210.05464841700015
457.8830935999995	211.22751841700014
455.7667335999995	212.46041841700014
453.68740359999947	213.75476841700015
451.64796359999946	215.11109841700016
449.65082359999946	216.52895841700015
447.69770359999944	218.00689841700014
445.7895735999994	219.54246841700015
443.9264935999994	221.13241841700014
442.1076635999994	222.77281841700014
440.3314635999994	224.45928841700015
438.5955735999994	226.18722841700014
436.8970835999994	227.95207841700014
435.2697435999994	229.71145841700013
433.6789235999994	231.50391841700014
432.1278235999994	233.33084841700014
430.6197335999994	235.19344841700013
429.1580435999994	237.09265841700014
427.7461235999994	239.02913841700013
426.3872435999994	241.00319841700014
425.0845235999994	243.01475841700014
423.8407835999994	245.06331841700015
422.6584835999994	247.14793841700015
421.5396235999994	249.26725841700014
420.4856235999994	251.41958841700014
419.49732659999944	253.60286841700014
418.57493659999943	255.81478841700013
417.71803059999945	258.0528984170001
416.92558759999946	260.3146384170001
416.1960465999995	262.5974584170001
415.5273885999995	264.8988584170001
414.9172155999995	267.2164584170001
414.3628435999995	269.5480384170001
413.8613825999995	271.8915784170001
413.4098195999995	274.2452884170001
412.98734159999947	276.6927584170001
412.60118359999944	279.1462284170001
412.2454415999994	281.6042884170001
411.9157635999994	284.06599841700006
411.6088485999994	286.53063841700003
411.32211659999945	288.99771841700004
411.05352059999944	291.466838417
410.80140459999944	293.93769841700004
410.56441259999946	296.410058417
410.3414215999995	298.883718417
410.1314945999995	301.358518417
409.9338445999995	303.83432841700005
409.7478055999995	306.3110384170001
409.5728155999995	308.7885584170001
409.4084005999995	311.26679841700013
409.2541575999995	313.7456884170001
409.1097505999995	316.2251784170001
408.97489859999945	318.7052084170001
408.84937259999947	321.1857184170001
408.7329875999995	323.66667841700007
408.62560359999947	326.1480484170001
408.52711749999946	328.6297884170001
408.43746549999946	331.1118584170001
408.35661979999946	333.5942284170001
408.28458759999944	336.0768784170001
408.2214134999994	338.5597584170001
408.16717759999943	341.0428584170001
408.12199879999946	343.5261384170001
408.08603569999946	346.0095684170001
408.05949039999945	348.49311841700006
408.04261179999946	350.97674841700007
408.0357007599995	353.4604184170001
408.0391166799995	355.9440984170001
408.0532854799995	358.4277484170001
408.0787097799995	360.9113084170001
408.11598177999946	363.3947084170001
408.16580047999946	365.8779084170001
408.2289922799995	368.3607984170001
408.30653977999947	370.84327841700014
408.39961827999946	373.3252084170001
408.50964827999945	375.8064584170001
408.63836127999946	378.2867984170001
408.78789927999946	380.7659684170001
408.9609572799995	383.24360841700013
409.1609912799995	385.71921841700015
409.3925522799995	388.19208841700015
409.6500192799995	390.6349584170002
409.92928427999954	393.07541841700015
410.2300632799995	395.51331841700016
410.5520932799995	397.94850841700014
410.8951272799995	400.38082841700015
411.2589362799995	402.81013841700013
411.6433062799995	405.2362784170001
412.0480392799995	407.65908841700013
412.4729582799995	410.0784484170001
412.91789727999947	412.4941984170001
413.38270927999946	414.90620841700013
413.86726127999947	417.31433841700016
414.37143227999945	419.7184384170002
414.89511727999945	422.1183584170002
415.43822727999947	424.5139584170002
416.00068927999945	426.9050884170002
416.58243927999945	429.2915884170002
417.18343527999946	431.67332841700016
417.80364327999945	434.05013841700014
418.4430422799995	436.4218584170001
419.1016292799995	438.7883084170001
419.7794152799995	441.1493284170001
420.47643127999953	443.5047584170001
421.1927102799995	445.8543884170001
421.9283092799995	448.1980484170001
422.6833002799995	450.5355384170001
423.4577702799995	452.86664841700014
424.2518152799995	455.1911584170001
425.0655542799995	457.5088384170001
425.8991212799995	459.8194584170001
426.7526732799995	462.1227884170001
427.6263752799995	464.41854841700007
428.52040827999946	466.70644841700005
429.43499027999945	468.98623841700004
430.37033427999944	471.257568417
431.32669427999946	473.520138417
432.30434027999945	475.773598417
433.30355427999945	478.017568417
434.32464427999946	480.251668417
435.36796427999946	482.47547841700003
436.43386427999945	484.68854841700005
437.52273427999944	486.89041841700003
438.63499427999943	489.080558417
439.77108427999946	491.25843841700004
440.93148427999944	493.42345841700006
442.11670427999945	495.57497841700007
443.32728427999945	497.71233841700007
444.56381427999946	499.8347884170001
445.82690427999944	501.94153841700006
447.1172142799994	504.03173841700004
448.43544427999944	506.10442841700007
449.78234427999945	508.15861841700007
451.17729427999944	510.2219484170001
452.6013842799994	512.2652784170001
454.0548242799994	514.2878184170002
455.5378042799994	516.2888084170002
457.0504542799994	518.2674584170002
458.5928742799994	520.2229884170001
460.16511427999944	522.1546184170002
461.76718427999947	524.0615884170002
463.3990442799995	525.9431284170001
465.06059427999946	527.7984984170001
466.75170427999944	529.6269684170002
468.4721742799994	531.4278384170002
470.22176427999943	533.2004284170002
472.00017427999944	534.9440884170002
473.80708427999946	536.6582184170002
475.64208427999944	538.3422284170001
477.50474427999944	539.9955984170001
479.39458427999944	541.617828417
481.3110842799994	543.208478417
483.25368427999945	544.767158417
485.22177427999947	546.293518417
487.2147242799995	547.787268417
489.23188427999946	549.248168417
491.2725642799995	550.676028417
493.33606427999945	552.070718417
495.42164427999944	553.432148417
497.5285742799994	554.760308417
499.6561042799994	556.055208417
501.8034742799994	557.316928417
503.9699342799994	558.545588417
506.1547142799994	559.7413484169999
508.3570742799994	560.904428417
510.5762642799994	562.0350784169999
512.8115442799995	563.1335884169999
515.0621842799994	564.200268417
517.3274742799995	565.2354884169999
519.6067042799995	566.239618417
521.8991942799995	567.213079417
524.2043042799995	568.156310417
526.5213742799995	569.069758417
528.8497942799995	569.953904417
531.1889442799995	570.809228417
533.5382642799996	571.636240417
535.8971842799996	572.435451417
538.2651742799995	573.207378417
540.6417242799995	573.952550417
543.0263242799995	574.671494417
545.4185142799995	575.364749417
547.8178542799996	576.032848417
550.2239242799996	576.6763304169999
552.6363042799995	577.2957234169999
555.0546142799996	577.8915574169998
557.4784742799995	578.4643564169999
559.9075642799995	579.0146444169999
562.3415242799995	579.5429314169999
564.7800442799995	580.0497254169999
567.2228442799995	580.5355274169999
569.6696242799995	581.0008294169999
572.1201342799995	581.4461154169999
574.5741042799996	581.8718584169999
577.0313142799996	582.2785284169998
579.4915242799996	582.6665774169999
581.9545442799996	583.0364564169998
584.4201542799996	583.3886014169998
586.8881742799996	583.7234414169998
589.3584342799996	584.0413954169998
591.8307542799996	584.3428714169997
594.3049842799996	584.6282674169997
596.7809642799997	584.8979714169998
599.2585642799997	585.1523644169998
601.7376642799998	585.3918174169999
604.2181242799998	585.6166894169999
606.6998342799998	585.8273324169999
609.1826842799998	586.0240894169999
611.6665742799997	586.207292417
614.1514042799997	586.377266417
616.6372342799997	586.534336417
619.1101442799996	586.675217417
621.5840242799997	586.797975417
624.0587442799997	586.902438417
626.5341742799997	586.988471317
629.0101742799997	587.0559767169999
631.4866142799997	587.1048947169999
633.9633442799997	587.1352022169999
636.4402242799997	587.1469130169999
638.9171242799997	587.1400766069999
641.3939142799998	587.1147768069999
643.8704542799998	587.0711307069998
646.3466042799997	587.0092868069999
648.8222342799997	586.9294235069998
651.2972242799998	586.8317469069998
653.7714642799998	586.7164879069998
656.2448342799998	586.5839009069998
658.7172242799999	586.4342629069998
661.1885542799998	586.2678669069999
663.6587242799999	586.0850249069998
666.1276442799999	585.8860629069998
668.5952442799999	585.6713169069998
671.0614542799999	585.4411369069998
673.5262042799999	585.1958779069997
675.9894442799999	584.9359009069997
678.4511242799999	584.6615739069997
680.91121428	584.3732649069997
683.3696642799999	584.0713449069997
685.8264542799999	583.7561849069997
688.2815542799999	583.4281539069997
690.7349542799999	583.0876179069996
693.1866442799999	582.7349399069997
695.6366042799999	582.3704809069997
698.08484428	581.9945919069996
700.53134428	581.6076239069996
702.97613428	581.2099159069996
705.41920428	580.8018049069997
707.86057428	580.3836159069997
710.30025428	579.9556719069997
712.73826428	579.5182839069996
715.1746042799999	579.0717579069997
717.6093142799999	578.6163889069996
720.0424042799999	578.1524669069996
722.47389428	577.6802719069996
724.90382428	577.2000749069996
727.33221428	576.7121379069996
729.75908428	576.2167189069996
732.18446428	575.7140669069996
734.6083942800001	575.2044179069997
737.0308842800001	574.6880079069997
739.4519742800002	574.1650589069997
741.8716942800002	573.6357879069997
744.2900642800001	573.1004079069996
746.7071242800001	572.5591199069996
749.1228942800001	572.0121189069996
751.5374142800001	571.4595949069997
753.9507042800001	570.9017299069997
756.3627942800001	570.3387009069996
758.7737142800001	569.7706789069996
761.1834942800001	569.1978279069996
763.5921542800002	568.6203079069995
765.9997342800002	568.0382699069995
768.4062442800002	567.4518649069995
770.8117142800003	566.8612329069995
773.2161742800002	566.2665119069994
775.6196542800002	565.6678349069995
778.0221742800002	565.0653319069995
780.4237742800002	564.4591219069995
782.8244542800002	563.8493299069995
785.2242642800002	563.2360649069996
787.6232142800002	562.6194399069996
790.0213142800002	561.9995669069996
792.4185942800002	561.3765469069996
794.8150842800002	560.7504789069995
797.2108042800002	560.1214579069996
799.6057842800002	559.4895769069996
802.0000342800002	558.8549259069996
804.2955942800003	558.2515269069996
806.5947742800003	557.6619939069997
808.8982542800003	557.0895209069997
811.2067742800003	556.5377259069998
813.5204642800003	556.0080549069997
815.8361142800003	555.4869729069998
818.1407242800003	554.9196259069997
820.4185342800004	554.2529439069997
822.6720542800003	553.5078739069996
824.9112042800003	552.7205379069997
827.1424042800003	551.9109269069996
829.3690142800003	551.0887759069997
831.5928342800004	550.2590829069997
833.8148642800004	549.4246279069996
835.7833242800004	548.0342479069996
836.9584142800004	545.9162079069996
837.4710512800004	543.5399579069996
837.5382968800004	541.1069879069996
837.2947428800004	538.6842479069996
836.8173498800004	536.2960879069997
836.1523078800004	533.9530079069997
835.3290388800004	531.6606079069996
834.3672478800005	529.4227179069997
833.2806978800005	527.2426179069996
832.0793478800005	525.1235679069996
830.7706778800004	523.0690479069996
829.3604778800004	521.0828279069996
827.8534578800004	519.1690279069995
826.2536378800004	517.3320979069995
824.5646578800004	515.5767979069994
822.7900378800003	513.9081479069995
820.9333578800004	512.3313079069995
818.9984378800003	510.85153790699957
816.9894478800003	509.47401790699956
814.9110078800003	508.2037279069996
812.7682278800003	507.04525790699955
810.5667478800003	506.00268790699954
808.3126278800004	505.07937490699953
806.0123878800003	504.2778639069995
803.6727978800003	503.59974790699954
801.3007678800003	503.04561290699957
798.9032178800003	502.61502490699957
796.4868978800002	502.30655890699956
794.0582878800002	502.11787490699953
791.6234078800002	502.0458258069995
789.1877978800002	502.08659330699953
786.7563978800001	502.23583230699955
784.3335678800001	502.4888183069996
781.9230878800001	502.8405793069996
779.5281378800001	503.2860193069996
777.1511278800001	503.8200793069996
774.7582378800001	504.4035493069996
772.3656078800001	504.9880433069996
769.97323788	505.5735483069996
767.5811078800001	506.16003930699964
765.18919788	506.7474733069996
762.79750788	507.3357823069996
760.4060078800001	507.9248703069996
758.0146578800001	508.5145983069996
755.62341788	509.1047673069996
753.23222788	509.69510030699956
750.84097788	510.2852143069996
748.44954788	510.8745673069996
746.05773788	511.4624063069996
743.66529788	512.0476643069995
741.27184788	512.6288413069996
738.87690788	513.2038113069996
736.47977788	513.7695893069996
734.0795478800001	514.3220513069996
731.6750778800001	514.8557173069996
729.2650878800001	515.3638543069997
726.8484578800001	515.8393333069996
724.42461788	516.2765383069996
721.9938978800001	516.6736883069996
719.5574178800001	517.0338993069996
717.1166578800002	517.3639243069996
714.6729778800002	517.6716773069996
712.2274278800002	517.9642763069996
709.7807478800001	518.2472633069997
707.3333878800001	518.5246203069997
704.9372478800002	518.7730323069998
702.5379878800002	518.9893523069998
700.1367678800002	519.1828413069998
697.7341878800003	519.3587013069997
695.3305878800003	519.5201683069997
692.9262078800003	519.6693803069998
690.5211878800003	519.8078053069997
688.1156078800003	519.9364673069997
685.7095678800003	520.0560723069997
683.3031078800003	520.1670863069996
680.8962978800004	520.2697763069997
678.4891378800004	520.3642393069997
676.0816678800004	520.4504001069997
673.6739078800003	520.5280067069997
671.2658678800003	520.5966022069997
668.8575878800003	520.6554717069997
666.4490478800003	520.7035537069997
664.0403078800003	520.7392790069997
661.6313878800004	520.7602808069997
659.2223778800004	520.7628106769997
656.8134878800004	520.7404200769997
654.4052678800003	520.6803058769997
652.0000378800004	520.5486208769997
649.5688778800004	520.3465438769997
647.1384378800004	520.1358828769997
644.7088178800004	519.9161138769997
642.2800778800005	519.6866768769997
639.8523278800005	519.4469798769998
637.4256878800005	519.1963958769998
635.0002678800005	518.9342568769997
632.5761878800005	518.6598578769997
630.1536278800005	518.3724548769997
627.7327478800005	518.0712598769996
625.3137278800004	517.7554408769996
622.8967878800005	517.4241258769996
620.4821478800005	517.0763958769996
618.0700778800006	516.7112908769997
615.6608678800005	516.3278098769997
613.2548278800006	515.9249088769997
610.8523078800006	515.5015108769996
608.4536978800006	515.0565048769996
606.0594178800006	514.5887538769996
603.6699378800006	514.0971038769995
601.2857478800006	513.5803878769996
598.9073978800006	513.0374438769995
596.5354678800006	512.4671248769995
594.1705678800006	511.8683078769995
591.8133578800006	511.2399258769995
589.4645078800006	510.58096487699953
587.1247178800006	509.8905038769995
584.7947178800006	509.1677238769995
582.4752178800006	508.4119298769995
580.1669178800006	507.62256587699954
577.8705278800006	506.7992448769995
575.5866778800006	505.9417458769995
573.3159578800006	505.05002987699953
571.0589178800006	504.12426087699953
568.8159978800006	503.16478587699953
566.5875578800006	502.17214887699953
564.3738378800007	501.14705887699955
562.1750178800007	500.09040887699956
559.9910778800007	499.00320887699957
557.7771178800007	497.8624888769996
555.5794778800007	496.69063887699957
553.3986378800007	495.48780887699957
551.2350778800007	494.25415887699955
549.0892778800007	492.98987887699957
546.9617078800007	491.69514887699955
544.8528478800007	490.37016887699957
542.7631678800007	489.01514887699955
540.6931378800007	487.63030887699955
538.6431978800007	486.21587887699957
536.6138278800007	484.7720888769996
534.6054878800007	483.2991988769996
532.6186278800008	481.7974588769996
530.6536978800008	480.2671388769996
528.7111378800008	478.7085088769996
526.7913978800008	477.12185887699957
524.8949178800008	475.5074788769996
523.0221278800008	473.8656788769996
521.1734678800008	472.1967588769996
519.3493478800008	470.5010388769996
517.5502178800008	468.7788488769996
515.7764778800008	467.03051887699957
514.0285478800008	465.2563788769996
512.3068378800008	463.45678887699955
510.6117478800008	461.63207887699957
508.9437078800008	459.78263887699956
507.30308788000076	457.90880887699956
505.6903078800008	456.01097887699956
504.1057378800008	454.08951887699953
502.54977788000076	452.14482887699955
501.02280788000076	450.17728887699957
499.5252078800008	448.1872988769996
498.0573578800008	446.1752688769996
496.61963788000077	444.14159887699964
495.21240788000074	442.0867188769996
493.83603788000073	440.0110488769996
492.49088788000074	437.9150088769996
491.17730788000074	435.7990288769996
489.89566788000076	433.6635688769996
488.64629788000076	431.5090588769996
487.42955788000074	429.33594887699957
486.24578788000076	427.1447088769996
485.0953178800008	424.93579887699957
483.97849788000076	422.70968887699956
482.89564788000075	420.46686887699957
481.8470978800008	418.20779887699956
480.83316788000076	415.93298887699956
479.85417188000076	413.6429288769996
478.91042288000074	411.3381188769996
478.0022218800007	409.0190588769996
477.1298768800007	406.6862788769996
476.29368488000074	404.3403088769996
475.4939328800007	401.9816688769996
474.7309008800007	399.6108888769996
474.00487088000074	397.2285188769996
473.31611088000074	394.8351088769996
472.6648858800007	392.4312188769996
472.05144888000075	390.0174088769996
471.47604888000075	387.5942488769996
470.93892288000075	385.1623088769996
470.4403048800007	382.7221888769996
469.98041688000075	380.27447887699964
469.55946688000074	377.81976887699966
469.17765788000077	375.3586688769997
468.83517788000074	372.8917788769997
468.5322078800007	370.41972887699967
468.26891388000075	367.9431388769997
468.0454498800008	365.4626388769997
467.8619578800008	362.97885887699965
467.71856488000077	360.49243887699964
467.61538588000076	358.00402887699966
467.55251928000075	355.51427887699964
467.53004848000074	353.02383887699966
467.54804148000073	350.53336887699965
467.60655018000074	348.0435088769996
467.7056092800007	345.55493887699964
467.84523628000073	343.0683188769996
468.02543128000076	340.58429887699964
468.2461762800008	338.1035588769996
468.5074342800008	335.6267488769996
468.8091502800008	333.1545388769996
469.1512472800008	330.6876088769996
469.5336322800008	328.2265988769996
469.9561922800008	325.77215887699964
470.4187892800008	323.32495887699963
470.9212732800008	320.88562887699965
471.4634662800008	318.45482887699967
472.04517828000075	316.0331688769997
472.66624028000075	313.6211088769997
473.32402728000073	311.2193188769997
474.0179692800007	308.8277288769997
474.7506132800007	306.4476988769997
475.5246842800007	304.0808288769997
476.3431112800007	301.7289388769997
477.2090192800007	299.3941188769997
478.1257272800007	297.0787788769997
479.0967272800007	294.78569887699973
480.12567728000073	292.5180288769997
481.21633728000074	290.2793988769997
482.3725272800007	288.0739088769997
483.59804728000074	285.90618887699975
484.89654728000073	283.78141887699974
486.27142728000075	281.70526887699975
487.72562728000077	279.68391887699977
489.26149728000075	277.7239188769998
490.88055728000074	275.8320788769998
492.58331728000076	274.0152388769998
494.36917728000077	272.28001887699975
496.23627728000076	270.6325388769998
498.1815172800008	269.07810887699975
500.2006672800008	267.62090887699975
502.2751272800008	266.26522887699974
504.44070728000077	265.06149887699974
506.7022272800008	264.04917887699975
509.02799728000076	263.19372787699973
511.3900872800008	262.44374287699975
513.7727272800008	261.76158387699974
516.1676672800008	261.1237768769997
518.5703872800009	260.51592587699975
520.9783072800009	259.9289628769997
523.3898272800009	259.3569728769997
525.8039172800009	258.7959658769997
528.2199072800008	258.2431588769997
530.6373072800009	257.6965628769997
533.0557772800008	257.1547228769997
535.4750672800009	256.6165488769997
537.8949972800009	256.08120987699965
540.3154072800008	255.54807187699964
542.7361972800009	255.01663187699964
545.1572772800008	254.48649587699964
547.5785672800008	253.95734887699965
550.0000072800008	253.42893687699964
552.4303672800007	252.89961787699966
554.8610272800007	252.37176587699966
557.2920372800007	251.84548887699967
559.7234272800007	251.32090887699968
562.1551972800007	250.79816087699967
564.5873872800007	250.27738287699967
567.0200272800007	249.75872787699967
569.4531672800007	249.24235587699968
571.8868272800007	248.72844487699967
574.3210372800007	248.21718687699968
576.7558572800007	247.70878187699967
579.1913172800007	247.20345187699968
581.6274572800007	246.7014318769997
584.0643172800008	246.2029798769997
586.5019672800007	245.70836787699972
588.9404472800007	245.21788887699972
591.3798172800008	244.73185887699972
593.8201372800008	244.2506178769997
596.2614672800008	243.77452687699972
598.7038772800008	243.30397087699973
601.1474272800008	242.83936487699972
603.5921772800008	242.38114687699974
606.0381972800008	241.92977987699973
608.4855672800007	241.48575087699973
610.9343572800008	241.04957287699972
613.3846072800008	240.6217818769997
615.8364072800008	240.2029278769997
618.2898172800008	239.7935778769997
620.7448872800007	239.3943068769997
623.2016572800007	239.00569187699972
625.6601772800008	238.62830287699973
628.1204872800008	238.26269287699972
630.5825872800008	237.9093898769997
633.0464972800008	237.56887987699972
635.5122072800008	237.24159587699972
637.9796772800008	236.92790587699972
640.4488572800009	236.6280978769997
642.9197072800009	236.3423688769997
645.3921572800009	236.0708148769997
647.8661172800009	235.81342387699968
650.3415072800009	235.5700728769997
652.8182072800009	235.34052987699968
655.296137280001	235.12445187699967
657.7751672800009	234.92139787699966
660.2551772800009	234.73083687699966
662.736067280001	234.55216087699966
665.2177472800009	234.38469987699966
667.7001172800009	234.22773787699967
670.1830772800009	234.08053087699966
672.666667280001	233.94231187699967
675.136627280001	233.82212587699968
677.607687280001	233.72742897699968
680.079587280001	233.65746857699966
682.5520472800009	233.61154407699965
685.0248172800009	233.58900127699965
687.4977072800009	233.58922918099967
689.970487280001	233.61165768099966
692.442977280001	233.65575448099966
694.914997280001	233.72102278099968
697.3863772800009	233.80699858099968
699.856967280001	233.91324958099966
702.3266372800009	234.03937258099967
704.7952272800009	234.18499058099968
707.2626172800009	234.34975558099967
709.7286772800009	234.53334058099966
712.1932872800008	234.73544358099966
714.6563272800008	234.95578458099965
717.1177072800008	235.19410558099966
719.5772972800008	235.45016658099965
722.0350072800009	235.72374958099965
724.4907272800009	236.01465258099964
726.9443572800009	236.32269058099965
729.3957972800009	236.64769858099964
731.8449572800009	236.98952558099964
734.2917072800009	237.34803558099964
736.7359772800008	237.72311258099964
739.1776672800008	238.11465258099963
741.6166772800009	238.52256558099964
744.0529072800009	238.94677958099965
746.4862572800009	239.38723358099963
748.916627280001	239.84388158099964
751.343887280001	240.31668758099963
753.7679472800011	240.80563658099962
756.1886972800011	241.31072358099962
758.6060272800011	241.8319595809996
761.019817280001	242.3693665809996
763.429947280001	242.92298158099962
765.836277280001	243.49285458099962
768.238677280001	244.07904858099963
770.6370172800009	244.68164658099963
773.0311472800009	245.30074058099962
775.4209372800009	245.93644258099962
777.8061972800009	246.58887258099963
780.1867772800009	247.25817358099962
782.5625072800009	247.94450358099962
784.9331972800009	248.64803358099962
787.2986672800008	249.36895858099962
789.6586972800009	250.10748458099962
792.0130772800009	250.86384458099963
794.3615772800008	251.63828258099963
796.7039372800008	252.43106558099964
799.0398972800008	253.24248758099964
801.3691972800008	254.07286458099964
803.6915272800007	254.92253158099965
806.0065772800008	255.79185658099965
808.3139972800008	256.68122658099963
810.6134172800008	257.59105758099963
812.9044572800008	258.5218055809996
815.1866772800008	259.4739505809996
817.4596372800008	260.4480115809996
819.7228372800008	261.4445455809996
821.9757372800008	262.4641455809996
824.2177672800008	263.5074455809996
826.4482772800008	264.5751255809996
828.6666572800008	265.6679455809996
830.8945972800008	266.79282558099965
833.1131172800008	267.93619558099965
835.3216572800007	269.09870558099965
837.5196472800008	270.2810355809996
839.7064872800007	271.48388558099964
841.8815172800007	272.70796558099966
844.0440172800007	273.95400558099965
846.1932772800008	275.22277558099967
848.3284972800008	276.5150255809997
850.4488472800008	277.8315355809997
852.5534272800008	279.1731055809997
854.6412972800008	280.54052558099966
856.7114672800008	281.93460558099963
858.7628572800007	283.3561455809996
860.7943772800007	284.8059655809996
862.8048272800007	286.2848455809996
864.7929872800007	287.7935655809996
866.7575472800007	289.3328855809996
868.6971572800007	290.9035255809996
870.6103972800007	292.5061755809996
872.4957972800007	294.1414855809996
874.3518472800007	295.8100455809996
876.1769672800007	297.5123555809996
877.9695872800007	299.2488755809996
879.7280672800007	301.0199455809996
881.4507572800007	302.8258255809996
883.1360372800008	304.6666755809996
884.7822772800008	306.5425355809996
886.3878572800008	308.45329558099957
887.9512372800009	310.39874558099956
889.4709072800009	312.37852558099956
890.945447280001	314.3921355809996
892.3735472800009	316.4389455809996
893.7539972800009	318.5181855809996
895.0857272800009	320.6289655809996
896.367817280001	322.7702555809996
897.599497280001	324.9409255809996
898.780177280001	327.1397555809996
899.909437280001	329.3654355809996
900.987037280001	331.6165855809996
902.0129072800011	333.89176558099956
902.987170280001	336.18952558099954
903.910111280001	338.50837558099954
904.782184280001	340.8468455809995
905.6039842800011	343.2034455809995
906.3762592800011	345.5767455809995
907.0998702800011	347.9653255809995
907.7757932800012	350.3678355809995
908.4051052800012	352.7829855809995
908.9889822800012	355.2096555809995
909.5248712800012	357.6119855809995
910.0240242800012	360.0222155809995
910.4849422800012	362.4400555809995
910.9060742800011	364.8651355809995
911.2858222800011	367.2970255809995
911.6225472800011	369.7352455809995
911.914570280001	372.1792255809995
912.1601802800011	374.6283055809995
912.3576422800011	377.0817355809995
912.5052052800011	379.5386755809995
912.601116680001	381.9981655809995
912.643633280001	384.4591555809995
912.631037480001	386.9204755809995
912.561653780001	389.3808355809995
912.433866780001	391.83885558099945
912.246143780001	394.29301558099945
911.997051780001	396.74170558099945
911.685280780001	399.18321558099944
911.3096717800009	401.6157255809994
910.869232780001	404.03732558099944
910.363158780001	406.4460555809994
909.7908517800009	408.83991558099945
909.1519367800009	411.21686558099947
908.446274780001	413.5748655809995
907.673973780001	415.9118755809995
906.835383780001	418.2259255809995
905.9310977800011	420.5151155809995
904.961958780001	422.77760558099953
903.9290287800011	425.01168558099954
902.8335787800011	427.21579558099955
901.6770887800011	429.3884955809996
900.4611987800012	431.5285255809996
899.1876987800011	433.6347755809996
897.8584887800012	435.7063455809996
896.4755887800012	437.7424555809996
895.0410787800012	439.7425455809996
893.5570687800011	441.7061955809996
892.0256487800011	443.63323558099955
890.4507387800011	445.52824558099957
888.835528780001	447.38902558099954
887.176748780001	449.2110555809995
885.471868780001	450.9900155809995
883.7193387800011	452.7220355809995
881.918698780001	454.4039755809995
880.0706487800011	456.0336955809995
878.176978780001	457.6101655809995
876.240338780001	459.1335555809995
874.264028780001	460.60512558099947
872.251698780001	462.02705558099944
870.207138780001	463.4022455809994
868.134038780001	464.7340455809994
866.035908780001	466.0260555809994
863.915928780001	467.2819255809994
861.7769887800009	468.50523558099945
859.621628780001	469.69939558099946
857.4520687800009	470.86756558099944
855.2702387800009	472.01266558099945
853.0777987800009	473.13733558099943
850.8761987800009	474.24393558099945
848.6666087800008	475.3346355809995
848.8698997800009	477.8234155809995
849.0731907800009	480.3121955809995
849.276481780001	482.80097558099953
849.479772780001	485.28975558099955
849.683063780001	487.7785355809996
849.886354780001	490.2673155809996
850.0896457800011	492.7560955809996
850.2929367800011	495.24487558099963
850.4962277800012	497.73365558099965
850.6995187800012	500.2224355809997
850.9028097800012	502.7112155809997
851.1061007800013	505.1999955809997
851.3093917800013	507.68877558099973
851.5126827800013	510.17755558099975
851.7159737800014	512.6663355809998
851.9192647800014	515.1551155809998
852.1225557800014	517.6438955809998
852.3258467800015	520.1326755809998
852.5291377800015	522.6214555809999
852.7324287800016	525.1102355809999
852.9357197800016	527.5990155809999
853.1390107800016	530.0877955809999
853.3423017800017	532.5765755809999
853.5455927800017	535.065355581
853.7488837800017	537.554135581
853.9521747800018	540.042915581
854.1554657800018	542.531695581
854.3587567800018	545.020475581
854.5620477800019	547.509255581
854.7653387800019	549.9980355810001
854.968629780002	552.4868155810001
855.570430780002	554.7984655810001
855.923257780002	557.1679655810001
856.202440780002	559.5474155810001
856.439339780002	561.9314655810001
856.646623780002	564.318285581
856.830859780002	566.706985581
856.9959187800021	569.097105581
857.144252780002	571.488325581
857.2774807800021	573.880435581
857.396685780002	576.273285581
857.5025807800021	578.666785581
857.6104547800021	581.115015581
857.7290887800021	583.562745581
857.8566887800022	586.0100255809999
857.9920487800022	588.4568855809999
858.1343357800022	590.9033455809999
858.2829747800022	593.3494455809999
858.4375737800021	595.795165581
858.5978897800021	598.240525581
858.7638027800022	600.685505581
858.9353087800022	603.1301055810001
859.1125147800021	605.5742955810001
859.2956577800021	608.0180455810001
859.4851217800021	610.4613055810001
859.6814877800022	612.9040355810001
859.8856037800022	615.3461155810002
860.0987207800022	617.7874455810002
860.3227377800022	620.2277755810002
860.5607217800022	622.6667955810002
860.8016107800022	625.1211055810002
861.0287917800022	627.5767155810001
861.2430737800022	630.0334855810001
861.4451757800022	632.4912855810002
861.6357407800022	634.9500155810001
861.8153467800022	637.4095655810002
861.9845167800022	639.8698655810001
862.1437197800022	642.3308155810001
862.2933867800023	644.7923755810001
862.4339057800023	647.2544755810001
862.5656327800023	649.7170555810001
862.6888937800022	652.1800855810001
862.8039847800022	654.6435055810001
862.9111817800023	657.1072655810001
863.0107360800023	659.5713655810001
863.1028798800023	662.0357555810001
863.1878268800024	664.5003955810001
863.2657751800024	666.9652755810001
863.3369076800024	669.4303655810002
863.4013931800024	671.8956355810002
863.4593881800024	674.3610555810002
863.5110379800024	676.8266255810001
863.5564765800024	679.2923055810002
863.5958284800024	681.7580855810002
863.6292088800025	684.2239555810002
863.6567243800025	686.6899055810002
863.6784734800025	689.1559155810002
863.6945470800025	691.6219655810002
863.7050292800025	694.0880455810002
863.7099974200024	696.5541355810002
863.7095225360024	699.0202455810002
863.7036697160024	701.4863355810002
863.6924984160024	703.9524155810002
863.6760626160025	706.4184655810002
863.6544114160025	708.8844655810002
863.6275885160026	711.3504255810002
863.5956333160026	713.8163255810002
863.5585806160026	716.2821455810002
863.5164607160026	718.7478855810002
863.4692994160026	721.2135355810002
863.4171183160026	723.6790955810002
863.3599354160026	726.1445455810002
863.2977645160026	728.6098655810002
863.2306150160026	731.0750655810002
863.1584936160026	733.5401155810002
863.0814020160026	736.0050055810002
862.9993383160025	738.4697455810002
862.9122973160025	740.9343155810002
862.8202699160025	743.3986955810002
862.7232426160025	745.8628955810002
862.6211996160025	748.3268855810002
862.5141186160025	750.7906655810002
862.4019756160026	753.2542155810003
862.2847426160025	755.7175255810002
862.1623876160025	758.1805955810003
862.0348726160025	760.6434055810003
861.9021576160026	763.1059355810003
861.7641966160026	765.5681755810002
861.6209406160026	768.0301255810002
861.4723356160026	770.4917355810002
861.3183216160027	772.9530155810002
861.1588356160026	775.4139555810002
860.9938066160026	777.8745355810003
860.8231616160026	780.3347255810003
860.6468196160026	782.7945155810003
860.4646956160026	785.2538855810003
860.2766956160026	787.7128155810003
860.0827206160026	790.1712855810003
859.8826656160026	792.6292655810004
859.6764166160026	795.0867355810003
859.4638526160026	797.5436555810003
859.2448326160026	800.0001255810002
859.0215116160025	802.4580855810002
858.7963126160025	804.9158755810003
858.5689926160026	807.3734855810003
858.3392876160026	809.8308655810002
858.1069096160026	812.2880055810002
857.8715476160025	814.7448555810003
857.6328636160025	817.2013855810003
857.3904936160025	819.6575455810002
857.1440436160025	822.1133055810003
856.8930966160025	824.5686055810003
856.6372046160025	827.0234055810002
856.3758996160025	829.4776255810002
856.1086886160025	831.9312055810002
855.8350566160025	834.3840855810002
855.5544776160025	836.8361755810002
855.2664156160025	839.2874055810003
854.9703356160026	841.7376755810003
854.6657086160026	844.1868855810003
854.3520226160026	846.6349555810003
854.0287946160026	849.0817855810003
853.6955826160026	851.5272855810003
853.3519976160027	853.9713455810004
852.9977116160027	856.4138755810004
852.6324706160027	858.8547955810004
852.2560986160028	861.2940255810004
851.8685056160027	863.7314955810003
851.4696926160027	866.1671555810003
851.0597456160027	868.6009655810003
850.6388356160027	871.0328955810003
850.2072086160026	873.4629555810003
849.7651846160027	875.8911355810003
849.3131416160027	878.3174655810003
848.8515016160027	880.7420055810003
848.3807326160027	883.1647755810003
847.9013216160026	885.5858555810003
847.4137756160027	888.0053155810002
846.9186056160027	890.4232355810002
846.4163226160026	892.8396855810003
845.9074316160027	895.2547455810003
845.3924196160027	897.6685055810003
844.8717546160027	900.0810555810003
844.3458906160027	902.4924755810003
843.8152496160028	904.9028555810004
843.2802376160028	907.3122555810004
842.7412256160028	909.7207755810003
842.1985676160028	912.1284755810003
841.6525916160028	914.5354255810004
841.1036026160028	916.9416855810003
840.5518796160028	919.3473155810003
839.9976816160028	921.7523755810004
839.4412436160028	924.1569355810003
838.8827886160028	926.5610255810003
838.3225176160029	928.9646955810003
837.7606166160028	931.3679755810003
837.1972566160028	933.7709055810003
836.6325826160029	936.1735655810003
836.0660856160029	938.5858455810003
835.5017176160029	940.9986155810003
834.9396166160029	943.4119255810003
834.3799296160029	945.8257955810003
833.8228176160029	948.2402555810003
833.268445616003	950.6553455810002
832.7169946160029	953.0711055810002
832.168657616003	955.4875655810002
831.623637616003	957.9047855810003
831.082155616003	960.3227855810003
830.5444426160029	962.7416355810003
830.010752616003	965.1613755810004
829.4813536160029	967.5820655810004
828.956533616003	970.0037455810004
828.4366006160029	972.4264755810004
827.9218836160029	974.8503255810004
827.4127326160029	977.2753655810004
826.9095306160029	979.7016355810005
826.412677616003	982.1292155810005
825.922610616003	984.5581655810005
825.4397886160029	986.9885755810005
824.9647076160029	989.4204955810005
824.4978936160029	991.8540255810005
824.0399096160029	994.2892355810005
823.5913526160028	996.7262055810005
823.1528606160028	999.1649955810005
822.7251086160028	1001.6056955810005
822.3088086160028	1004.0483655810006
821.9047096160028	1006.4930955810006
821.5136026160028	1008.9399355810006
821.1363106160028	1011.3889355810005
820.7736906160028	1013.8401455810005
820.4266256160028	1016.2936155810005
820.0960216160028	1018.7493655810005
819.7828006160028	1021.2073855810005
819.4878866160028	1023.6676755810005
819.2121976160028	1026.1301755810005
818.9566296160027	1028.5948455810005
818.7220406160027	1031.0616055810005
818.5092376160027	1033.5303355810006
818.3189486160027	1036.0009055810006
818.1518126160026	1038.4731555810006
818.0083536160026	1040.9468855810005
817.8889646160027	1043.4219055810006
817.7938905160026	1045.8979655810006
817.7232142160027	1048.3748455810005
817.6768488160027	1050.8522955810006
817.6545323160027	1053.3300955810005
817.6558294660027	1055.8079855810004
817.6801379660027	1058.2857655810003
817.7266998660027	1060.7632155810004
817.7946193660027	1063.2401855810003
817.8828810660027	1065.7165155810003
817.9903730660027	1068.1920855810004
818.1159120660027	1070.6668455810004
818.2448250660027	1073.0819555810003
818.3692070660027	1075.4972855810004
818.4882430660027	1077.9128955810004
818.6009650660027	1080.3288055810003
818.7062190660026	1082.7450655810003
818.8026183660027	1085.1616755810003
818.8884879660027	1087.5786855810002
818.9617849660027	1089.9961255810001
819.0199953660027	1092.4139655810002
819.0599984660028	1094.8321655810003
819.0778792660027	1097.2506455810003
819.0686733960027	1099.6691555810003
819.0260162960027	1102.0872955810003
818.9416590960027	1104.5043355810003
818.8048090960027	1106.9189455810003
818.6012610960028	1109.3288055810003
818.3123410960028	1111.7298655810002
817.9139120960028	1114.1150955810003
817.3762170960028	1116.4726555810003
816.6663380960028	1118.7839655810003
815.7558230960028	1121.0236055810003
814.6333930960028	1123.1648255810003
813.3148230960028	1125.1913755810003
811.8391230960028	1127.1070355810002
810.2055830960028	1128.9221855810001
808.4190330960027	1130.586945581
806.4956330960027	1132.091595581
804.4566630960028	1133.4356755810002
802.3244630960028	1134.6266055810001
800.1194830960028	1135.6769355810002
797.8588130960028	1136.6015825810002
795.5559630960028	1137.4157595810002
793.2212830960027	1138.1337385810002
790.8625230960027	1138.7683125810001
788.4854630960027	1139.330627581
786.0944330960027	1139.830242581
783.6926230960028	1140.275311581
781.2824730960027	1140.6727485810002
778.8657930960027	1141.0284355810002
776.4439830960026	1141.347373581
774.0181130960026	1141.633837581
771.5890230960026	1141.891488581
769.1573330960026	1142.123481581
766.7235530960027	1142.332542581
764.2881130960027	1142.521036581
761.8512930960027	1142.691029581
759.4133730960027	1142.8443285810001
756.9745530960028	1142.9825215810001
754.5349930960027	1143.107013581
752.0948230960028	1143.2190465810002
749.6541630960028	1143.319725581
747.2131030960028	1143.4100364810001
744.7716930960028	1143.4908620810002
742.3300230960027	1143.5629935810002
739.8880330960027	1143.6271462810003
737.4660430960026	1143.6836579810004
735.0439030960026	1143.7329531810003
732.6216230960026	1143.7742486810002
730.1991930960027	1143.8066626810003
727.7766530960026	1143.8291987810003
725.3540430960027	1143.8407277810004
722.9314030960027	1143.8399654470004
720.5088030960027	1143.8254454470004
718.0863630960026	1143.7954874470004
715.6642030960027	1143.7481574470003
713.2424930960027	1143.6812200470004
710.8214930960027	1143.5920808470003
708.4015730960026	1143.4777168470002
705.9831830960026	1143.3345888470003
703.5669730960026	1143.1585368470003
701.1538230960026	1142.9446548470003
698.7449430960027	1142.6871448470004
696.3420230960027	1142.3791448470004
693.9473430960027	1142.0125358470004
691.5641230960026	1141.5777718470003
689.1967830960026	1141.0637378470003
686.8513530960026	1140.4577328470002
684.5359530960027	1139.7457158470002
682.2612530960026	1138.9130158470002
680.0405630960026	1137.9456698470003
677.8893630960026	1136.8325098470002
675.8237530960026	1135.567689847
673.8579230960027	1134.1527898470001
672.0011830960027	1132.597419847
670.2558530960027	1130.9177398470001
668.6147230960028	1129.1215398470001
667.0952830960027	1127.221339847
665.7061930960027	1125.223859847
664.4515530960027	1123.1392598470002
663.3306830960028	1120.9797398470002
662.3386970960028	1118.7580198470002
661.4675920960028	1116.4861098470003
660.7075300960029	1114.1746298470002
660.0479050960029	1111.8324598470003
659.4781570960029	1109.4667698470003
658.9882920960029	1107.0832398470002
658.5691370960028	1104.6862398470003
658.2124620960028	1102.2791298470001
657.9109800960028	1099.8644698470002
657.6582920960028	1097.4442098470001
657.4488030960028	1095.0198198470002
657.2776370960029	1092.5924098470002
657.1405420960028	1090.1628398470002
657.0338090960029	1087.7317398470002
656.9541980960029	1085.2996098470003
656.8988716960029	1082.8667898470003
656.8653406960028	1080.4335798470004
656.8514136960029	1078.0001298470004
656.8563964460028	1075.6181398470003
656.8822893460028	1073.2362798470003
656.9313258460029	1070.8547898470003
657.0054231460028	1068.4739498470003
657.1060311460028	1066.0940798470003
657.2340121460028	1063.7155298470004
657.3895741460028	1061.3386298470004
657.5722711460028	1058.9636698470003
657.7810721460028	1056.5908598470003
658.0144731460027	1054.2203298470004
658.2706361460027	1051.8521498470004
658.5475311460027	1049.4862998470005
658.8430611460027	1047.1227098470006
659.1551601460027	1044.7612598470005
659.4818641460026	1042.4017698470004
659.8213471460026	1040.0440998470003
660.1719551460026	1037.6880498470002
660.5322031460025	1035.3334398470001
660.9139421460026	1032.8855398470002
661.3023121460026	1030.4386698470003
661.7003941460026	1027.9933598470002
662.1124761460027	1025.5503898470001
662.5446831460026	1023.1108998470002
663.0060131460026	1020.6767598470002
663.5101961460026	1018.2511698470001
664.0791501460026	1015.8399998470002
664.7497491460026	1013.4552898470001
665.5874651460026	1011.1246498470001
666.7099351460026	1008.9192298470001
668.2866051460027	1007.0186398470001
670.3618251460026	1005.6834498470001
672.7106151460026	1004.9067778470002
675.1423951460026	1004.4360418470002
677.4652551460026	1003.8520198470002
679.7299051460026	1003.0671358470001
681.9602651460026	1002.1889838470001
684.1667951460026	1001.2524128470002
686.3549951460027	1000.2737418470002
688.5281251460027	999.2620418470002
690.6882551460027	998.2228618470002
692.8367251460027	997.1597918470002
694.9744151460027	996.0752118470002
697.1018751460027	994.9706818470003
699.2193851460028	993.8471818470002
701.3270051460028	992.7052118470002
703.4245751460028	991.5449018470002
705.5117451460028	990.3659818470003
707.5879151460028	989.1678218470003
709.6522351460028	987.9493618470002
711.7034851460028	986.7090418470002
713.7399851460028	985.4446418470002
715.7593651460028	984.1530618470002
717.7582251460028	982.8299018470002
719.7681051460028	981.4560218470002
721.7624651460028	980.0596918470002
723.7423851460028	978.6429718470001
725.7086751460027	977.2073918470002
727.6618751460028	975.7540718470002
729.6023751460028	974.2838018470002
731.5303051460028	972.7971218470002
733.4456851460028	971.2942918470002
735.3483151460028	969.7753618470002
737.2378251460028	968.2401418470002
739.1136251460028	966.6881818470002
740.9748351460029	965.1187618470002
742.8202651460028	963.5308218470002
744.6482651460028	961.9228618470001
746.4565751460028	960.2927718470002
748.2419951460029	958.6376618470001
749.9999051460029	956.9533718470001
751.7776851460029	955.2178318470001
753.5554651460029	953.482291847
755.3332451460029	951.746751847
753.066575146003	951.911373847
750.799905146003	952.0759958470001
748.533235146003	952.2406178470001
746.266565146003	952.4052398470001
743.999895146003	952.5698618470001
741.5449551460031	952.746890847
739.089825146003	952.921293847
736.634495146003	953.092900847
734.1789651460031	953.261533847
731.7232251460031	953.427004847
729.2672551460031	953.589120847
726.8110551460031	953.747678847
724.3546151460031	953.902470847
721.8979251460031	954.053279847
719.4409851460031	954.199886847
716.9837851460031	954.3420658470001
714.5263251460032	954.479589847
712.0685851460032	954.6122318470001
709.6105751460033	954.7397658470001
707.1522951460033	954.8619688470001
704.6937451460034	954.9786238470001
702.2349351460034	955.0895248470001
699.7758551460034	955.1944778470001
697.3165251460034	955.2933024470001
694.8569551460034	955.385838247
692.3971451460035	955.471946947
689.9371151460035	955.551514047
687.4768851460035	955.6244522469999
685.0164551460035	955.6907047469999
682.5558551460035	955.750244547
680.0950951460035	955.803077747
677.6342151460035	955.849242747
675.1732251460035	955.8888106469999
672.7121251460035	955.9218844469999
670.2509651460035	955.9485963469999
667.7897351460035	955.9691069469999
665.3284651460035	955.9836016469999
662.8671651460035	955.9922878969999
660.4058151460034	955.9953919869998
657.9230951460034	955.9938042369998
655.4403751460035	955.9878119469998
652.9576851460034	955.9767971469998
650.4750151460034	955.9600875469998
647.9924051460034	955.9369575469998
645.5098551460035	955.9066304469998
643.0274251460035	955.8682841469998
640.5451451460035	955.8210584469998
638.0630751460035	955.7640668469999
635.5812751460035	955.6964110469999
633.0998151460035	955.6172003469999
630.6187851460035	955.5255726469999
628.1382851460035	955.4207196469998
625.6584151460034	955.3019106469998
623.1792851460034	955.1685206469998
620.7010151460034	955.0200516469998
618.2237151460034	954.8561516469998
615.7474951460034	954.6766276469998
613.2724551460034	954.4814516469999
610.7986851460034	954.2707596469999
608.3262651460034	954.0448416469999
605.8552351460033	953.8041256469999
603.3856451460033	953.5491616469999
600.9174951460033	953.2805936469999
598.4507751460033	952.9991376469999
595.9854651460032	952.7055586469999
593.5215351460032	952.4006506469999
591.0589451460032	952.0852136469999
588.5976151460032	951.760039647
586.1374851460032	951.4259026469999
583.6784851460033	951.0835456469999
581.2205351460033	950.7336756469999
578.7635651460033	950.3769566469999
576.3075051460033	950.014013647
573.8522951460034	949.6454246469999
571.3978651460034	949.2717246469999
568.9441451460034	948.8934056469999
566.4910751460034	948.5109186469999
564.0385851460034	948.1246756469999
561.5866251460034	947.7350536469999
559.1351451460034	947.3423966469999
556.6841051460034	946.9470186469998
554.2334651460034	946.5492026469998
551.7831651460034	946.1492066469998
549.3331751460034	945.7472636469998
546.9059651460035	945.3788926469998
544.4715251460035	945.0615246469998
542.0320551460035	944.7854476469998
539.5888851460035	944.5441756469999
537.1429051460035	944.3332086469999
534.6947451460035	944.1493506469999
532.2448451460035	943.9903216469999
529.7935451460036	943.8545236469998
527.3411151460035	943.7409036469999
524.8877751460035	943.6488680469998
522.4337251460034	943.5782494469998
519.9791451460035	943.5293034469998
517.5242251460035	943.5027465469999
515.0691651460035	943.4998412169999
512.6142051460034	943.5225495169999
510.1596851460034	943.5737999169999
507.7060651460034	943.6579608169999
505.25414514600345	943.7817268169999
502.80532514600344	943.9559418169999
500.36253514600344	944.199931817
497.9335551460034	944.554391817
495.5521651460034	945.141274817
493.4447551460034	946.0117868169999
491.4241751460034	947.069006817
489.4896151460034	948.276756817
487.6408851460034	949.612316817
485.87986514600345	951.061606817
484.21137514600343	952.616546817
482.64425514600345	954.273556817
481.1929651460035	956.032796817
479.88040514600345	957.897626817
478.7430151460035	959.873886817
477.71996514600346	962.1509668169999
476.86150914600347	964.4955268169999
476.1187721460035	966.879466817
475.4627471460035	969.288786817
474.8747331460035	971.7156368169999
474.3419011460035	974.1552268169999
473.8550341460035	976.6044068169998
473.4072481460035	979.0610568169998
472.9932561460035	981.5236268169998
472.6088911460035	983.9910068169999
472.2508041460035	986.4623268169998
471.9162531460035	988.9369468169998
471.6029651460035	991.4143468169998
471.3090261460035	993.8941168169998
471.0328101460035	996.3759268169998
470.7729201460035	998.8595068169998
470.5281491460035	1001.3446168169997
470.2974401460035	1003.8310668169997
470.0798661460035	1006.3187068169998
469.8746071460035	1008.8073868169998
469.6809311460035	1011.2970068169998
469.4981871460035	1013.7874568169998
469.3257901460035	1016.2786268169998
469.1632091460035	1018.7704768169998
469.00996614600353	1021.2629168169998
468.86562514600354	1023.7558868169998
468.72978814600356	1026.2493268169999
468.60209114600354	1028.7432068169999
468.48219914600355	1031.2374668169998
468.36980514600356	1033.7320768169998
468.26462514600354	1036.2269968169999
468.16639624600356	1038.722206817
468.07487444600355	1041.217666817
467.98983334600354	1043.713356817
467.9110618460035	1046.2092568169999
467.8383632460035	1048.7053368169998
467.7715534460035	1051.2015868169997
467.7104604460035	1053.6979768169997
467.6549225460035	1056.1944968169996
467.6047880460035	1058.6911268169997
467.55991394600346	1061.1878668169998
467.52016624600344	1063.6846868169998
467.4854180460034	1066.181586817
467.4555498460034	1068.6785468169999
467.4304484460034	1071.175556817
467.4100068460034	1073.6726168169998
467.3941237460034	1076.169706817
467.3827028460034	1078.666826817
467.37364350600336	1081.075106817
467.36413505600336	1083.483376817
467.3539745560034	1085.8916368169998
467.3429092560034	1088.2999068169997
467.33062245600337	1090.7081668169997
467.31671345600336	1093.1164168169996
467.30066975600334	1095.5246468169996
467.28182825600334	1097.9328668169996
467.25931935600335	1100.3410568169998
467.23198415600336	1102.7491868169998
467.19824995600334	1105.1572368169998
467.15593785600333	1107.5651468169997
467.10195645600334	1109.9728268169997
467.0317998560033	1112.3800868169997
466.9387066560033	1114.7865768169997
466.81223565600334	1117.1915268169998
466.6359296560033	1119.5932968169998
466.3841336560033	1121.9882368169997
466.0208886560033	1124.3686768169996
465.5124436560033	1126.7222568169996
464.8623206560033	1129.0408568169996
464.1248926560033	1131.3334268169997
463.3224256560033	1133.6935568169997
462.4822176560033	1136.0405068169998
461.5988626560033	1138.3715568169998
460.66652965600326	1140.6834368169998
459.67909165600327	1142.972296817
458.63037165600326	1145.233726817
457.51449165600326	1147.4627768169998
456.32634165600325	1149.654116817
455.06205165600323	1151.802406817
453.71949165600324	1153.902666817
452.29860165600326	1155.950746817
450.80151165600324	1157.943816817
449.23234165600326	1159.880656817
447.59680165600327	1161.761806817
445.90160165600327	1163.589396817
444.15384165600324	1165.3669268170001
442.39299165600323	1167.0618668170002
440.5843516560032	1168.7057068170002
438.7281716560032	1170.2956568170002
436.8250616560032	1171.8291168170003
434.8760016560032	1173.3037168170003
432.8823016560032	1174.7173968170005
430.8456316560032	1176.0684368170005
428.7679616560032	1177.3555168170005
426.65148165600317	1178.5777268170004
424.49859165600316	1179.7346068170004
422.31183165600316	1180.8261268170004
420.09383165600315	1181.8526568170005
417.84720165600316	1182.8149868170005
415.57458165600315	1183.7142268170005
413.27851165600316	1184.5518058170005
410.96144165600316	1185.3294058170004
408.62568165600317	1186.0489168170004
406.2733916560032	1186.7123848170004
403.90655165600316	1187.3219728170004
401.52699165600313	1187.8799118170004
399.1363916560031	1188.3884638170005
396.7362516560031	1188.8498968170004
394.3279016560031	1189.2664618170004
391.91257165600314	1189.6403618170004
389.49130165600315	1189.9737478170005
387.06506165600314	1190.2686958170004
384.6346616560031	1190.5272098170005
382.2008416560031	1190.7512058170005
379.7642316560031	1190.9425148170005
377.3253816560031	1191.1028788170006
374.8847716560031	1191.2339508170005
372.44285165600314	1191.3372978170005
369.99983165600315	1191.4144047170005
367.52002165600317	1191.4719603170004
365.0398716560032	1191.5125232170003
362.55949165600316	1191.5338465170003
360.07901165600316	1191.5332349390003
357.59867165600315	1191.5074171390004
355.1188116560032	1191.4523718390003
352.6399516560032	1191.3630821390002
350.16290165600316	1191.2331841390003
347.6889216560032	1191.0544451390003
345.22000165600315	1190.8159731390003
342.75946165600317	1190.5029851390004
340.3129716560032	1190.0948051390005
337.8750016560032	1189.6161591390005
335.4426716560032	1189.1096311390006
333.0168016560032	1188.5730241390006
330.5983516560032	1188.0039401390006
328.1884316560032	1187.3997631390007
325.78834165600324	1186.7576401390006
323.39962165600326	1186.0744801390006
321.02404165600325	1185.3469241390005
318.6637116560033	1184.5713501390005
316.3210816560033	1183.7438641390006
313.9990316560033	1182.8603261390006
311.7009016560033	1181.9163551390006
309.4305616560033	1180.9073951390008
307.1924916560033	1179.8287951390007
304.99179165600333	1178.6759151390006
302.83421165600333	1177.4442751390006
300.72611165600335	1176.1297451390005
298.67444165600335	1174.7288251390005
296.68651165600335	1173.2388651390004
294.76982165600333	1171.6583351390004
292.9317316560033	1169.9870951390005
291.1790516560033	1168.2264951390005
289.5177116560033	1166.3794751390005
287.9523316560033	1164.4504451390005
286.4859916560033	1162.4450951390006
285.1200616560033	1160.3700351390007
283.8541916560033	1158.2324251390007
282.6864216560033	1156.0395251390007
281.6910046560033	1153.8595251390007
280.8298596560033	1151.6227951390006
280.0662836560033	1149.3507851390007
279.37692365600327	1147.0551151390007
278.7459516560033	1144.7426751390008
278.1620876560033	1142.4178751390007
277.61695665600325	1140.0836751390007
277.10411865600327	1137.7421651390007
276.6184776560033	1135.3948651390008
276.1558896560033	1133.0428951390008
275.7129026560033	1130.687145139001
275.28657865600326	1128.328335139001
274.87434665600324	1125.967015139001
274.47391765600327	1123.6036751390009
274.08318665600325	1121.2387051390008
273.70017665600324	1118.8724651390007
273.3229766560032	1116.5053051390007
272.94967765600325	1114.1375251390007
272.57830665600324	1111.7694351390007
272.2067616560032	1109.4013751390007
271.8327076560032	1107.0337151390008
271.45344265600323	1104.6668351390008
271.1391506560032	1102.2202451390008
270.9663476560032	1099.7594751390009
270.90978545600325	1097.2931951390008
270.94701125600324	1094.8264851390009
271.0582642560032	1092.361945139001
271.22607825600323	1089.900575139001
271.4347892560032	1087.442325139001
271.67003225600325	1084.986455139001
271.91824925600326	1082.531855139001
272.16622525600326	1080.077245139001
272.40062225600326	1077.621295139001
272.6074972560033	1075.162895139001
272.77179225600327	1072.701305139001
272.87676525600324	1070.236505139001
272.90337165600323	1067.769675139001
272.8296254560032	1065.303885139001
272.6300574560032	1062.8451951390011
272.2755524560032	1060.4041851390011
271.7341274560032	1057.997965139001
270.97348745600317	1055.652125139001
269.9661874560032	1053.4014851390011
268.69707745600317	1051.287685139001
267.1700374560032	1049.3521351390011
265.40916745600316	1047.6261451390012
263.47920745600317	1046.0730951390012
261.4479074560032	1044.6550351390013
259.3311174560032	1043.3679651390012
257.1425174560032	1042.207065139001
254.89382745600318	1041.167255139001
252.5949674560032	1040.2435191390011
250.25441745600318	1039.4311671390012
247.8793474560032	1038.7259291390012
245.4759874560032	1038.1240751390012
243.04972745600318	1037.6224181390012
240.60530745600317	1037.2183351390013
238.1469874560032	1036.9097721390012
235.6786774560032	1036.6952291390012
233.2040474560032	1036.5737561390013
230.7265974560032	1036.5449432390012
228.2498174560032	1036.6089176390012
225.7772174560032	1036.7663426390013
223.3124674560032	1037.0184196390014
220.8595074560032	1037.3668916390013
218.4226174560032	1037.8140486390014
216.00657745600319	1038.3627316390014
213.61679745600318	1039.0163216390013
211.25949745600317	1039.7787176390013
208.94188745600317	1040.6542896390013
206.67234745600317	1041.6477906390012
204.46071745600315	1042.764180639001
202.31844745600316	1044.008410639001
200.25881745600316	1045.3850206390011
198.29699745600317	1046.897640639001
196.44993745600317	1048.548330639001
194.73593745600317	1050.3368406390011
193.24935745600317	1052.2585706390012
192.03883745600317	1054.3649206390012
191.13172945600317	1056.6186906390012
190.52868045600317	1058.9724406390012
190.20592545600317	1061.3810806390013
190.12545635600318	1063.8102806390013
190.24551935600317	1066.2381306390014
190.52709035600319	1068.6527906390013
190.93641535600318	1071.0492306390013
191.44526235600318	1073.4266306390014
192.0301703560032	1075.7865206390013
192.6714683560032	1078.1317506390012
193.3523223560032	1080.4658406390013
194.05790035600322	1082.7925906390012
194.77468735600323	1085.1159106390012
195.48989735600324	1087.4397306390013
196.19092435600325	1089.7678506390012
196.86486135600325	1092.1039306390012
197.49800235600324	1094.4513806390012
198.07533435600325	1096.8131506390012
198.57998835600324	1099.1914606390012
198.99271735600325	1101.5873706390012
199.29141235600326	1104.0001506390013
199.52769235600326	1106.4729506390013
199.75964535600326	1108.9461606390014
199.98759435600326	1111.4197506390014
200.21178235600325	1113.8936806390016
200.43239335600325	1116.3679206390016
200.64956035600324	1118.8424706390015
200.86336935600323	1121.3173206390015
201.07386335600324	1123.7924506390016
201.28104435600324	1126.2678606390016
201.48487235600322	1128.7435506390016
201.68525835600323	1131.2195206390015
201.88206135600322	1133.6957806390014
202.07507235600323	1136.1723306390015
202.26400035600324	1138.6492006390015
202.44843835600324	1141.1264006390015
202.62782135600324	1143.6039906390015
202.80133935600324	1146.0819806390016
202.96780135600324	1148.5604606390016
203.12533735600323	1151.0395306390017
203.27074835600322	1153.5193306390017
203.39768035600324	1156.0001606390017
203.52268435600323	1158.4496806390016
203.67440735600323	1160.8976906390017
203.85524535600322	1163.3437306390017
204.0677963560032	1165.7872006390016
204.31487935600322	1168.2274306390016
204.59952935600322	1170.6635606390016
204.92500335600323	1173.0945606390017
205.29477035600323	1175.5192106390016
205.71249235600322	1177.9360606390017
206.18198335600323	1180.3433706390017
206.70717235600324	1182.7391506390018
207.29201935600324	1185.1210606390018
207.94041735600322	1187.4864506390018
208.65608235600322	1189.8323506390018
209.4424023560032	1192.1555006390017
210.3022963560032	1194.4524406390017
211.2380343560032	1196.7195306390017
212.2511043560032	1198.9531306390018
213.3420843560032	1201.1497206390018
214.5105743560032	1203.3060706390017
215.75517435600318	1205.4194006390017
217.07356435600317	1207.4875206390016
218.4625743560032	1209.5088906390015
219.9183443560032	1211.4827306390016
221.4365443560032	1213.4089906390016
223.0124943560032	1215.2882906390016
224.6414843560032	1217.1219406390017
226.31014435600318	1218.9033006390016
228.03066435600317	1220.6345706390016
229.81073435600317	1222.3045006390016
231.65443435600318	1223.9038706390015
233.56136435600317	1225.4272906390015
235.52700435600318	1226.8741906390014
237.54415435600316	1228.2484406390015
239.60455435600315	1229.5570006390014
241.70021435600316	1230.8083506390014
243.82413435600316	1232.0111706390014
245.97048435600317	1233.1735106390015
248.13460435600317	1234.3024606390015
250.31280435600317	1235.4040006390014
252.50220435600318	1236.4831306390015
254.70053435600317	1237.5439506390014
256.9060243560032	1238.5898006390014
259.1172743560032	1239.6234106390013
261.33321435600317	1240.6470406390013
263.56610435600317	1241.6652306390013
265.8050843560032	1242.6699606390014
268.0502643560032	1243.6607496390013
270.3017543560032	1244.6371026390013
272.55966435600317	1245.5985256390013
274.82408435600314	1246.5444986390014
277.09510435600316	1247.4745026390015
279.37282435600315	1248.3880126390015
281.65729435600315	1249.2844836390016
283.94858435600315	1250.1633736390015
286.2467543560032	1251.0241366390014
288.55183435600316	1251.8662216390014
290.86384435600314	1252.6890726390013
293.18280435600315	1253.4921386390013
295.50870435600314	1254.2748726390012
297.84153435600314	1255.0367306390012
300.18123435600313	1255.7771736390011
302.5277643560031	1256.4956806390012
304.8810443560031	1257.1917396390013
307.2410043560031	1257.8648596390012
309.6075143560031	1258.5145596390012
311.9804443560031	1259.1403866390012
314.3596443560031	1259.7419136390013
316.7449643560031	1260.3187446390014
319.1362143560031	1260.8705096390013
321.5331743560031	1261.3968726390012
323.9356243560031	1261.8975356390013
326.3433343560031	1262.3722426390013
328.75605435600306	1262.8207786390014
331.1735343560031	1263.2429736390015
333.5954943560031	1263.6386986390016
336.02163435600306	1264.0078726390016
338.45166435600305	1264.3504616390017
340.8853043560031	1264.6664826390017
343.32222435600306	1264.9559956390017
345.76215435600307	1265.2191126390017
348.20477435600304	1265.4559896390017
350.64975435600303	1265.6668256390017
353.096824356003	1265.8518686390016
355.545704356003	1266.0114066390017
357.996094356003	1266.1457666390017
360.447714356003	1266.2553126390017
362.900324356003	1266.3404450390017
365.304804356003	1266.4065807390016
367.709584356003	1266.4605732390016
370.114634356003	1266.5004701390017
372.519904356003	1266.5240850390016
374.92526435600297	1266.5289967490016
377.330584356003	1266.5125655490017
379.735624356003	1266.4719697490018
382.14003435600296	1266.4042716490019
384.543414356003	1266.3065148490018
386.945224356003	1266.1758578490019
389.344844356003	1266.0097358490018
391.741554356003	1265.8060378490018
394.134644356003	1265.5632768490018
396.523344356003	1265.2807338490018
398.907034356003	1264.9585218490017
401.28515435600303	1264.5975998490017
403.65736435600303	1264.1996838490018
406.02351435600303	1263.7671118490018
408.383614356003	1263.3026718490019
410.737864356003	1262.8094068490018
413.086584356003	1262.2904538490018
415.430204356003	1261.7489028490018
417.769204356003	1261.1876958490018
420.104144356003	1260.6095448490018
422.495904356003	1259.999464849002
424.882934356003	1259.371133849002
427.26498435600297	1258.724165849002
429.641784356003	1258.058163849002
432.01305435600295	1257.3727198490021
434.37848435600296	1256.6674208490022
436.73777435600294	1255.9418338490023
439.0905843560029	1255.1955198490023
441.4365643560029	1254.4280288490022
443.7753643560029	1253.638892849002
446.1065843560029	1252.827639849002
448.4298143560029	1251.993786849002
450.7446343560029	1251.136831849002
453.0505643560029	1250.256273849002
455.3471443560029	1249.3515878490018
457.6338443560029	1248.4222508490018
459.9101443560029	1247.4677168490018
462.17548435600287	1246.4874378490017
464.42925435600284	1245.4808578490017
466.67082435600287	1244.4474078490018
468.89953435600285	1243.3865178490018
471.1146943560029	1242.297607849002
473.3155643560029	1241.180087849002
475.5013543560029	1240.033377849002
477.6712643560029	1238.8568778490019
479.8244143560029	1237.650007849002
481.9599243560029	1236.4121778490019
484.0768343560029	1235.142797849002
486.1741643560029	1233.8412978490019
488.2508543560029	1232.5071278490018
490.3058143560029	1231.1397478490019
492.3379143560029	1229.738617849002
494.3459743560029	1228.303237849002
496.3287543560029	1226.833127849002
498.2849643560029	1225.327857849002
500.2132743560029	1223.787027849002
502.1123143560029	1222.210267849002
503.98068435600294	1220.597267849002
505.81691435600294	1218.947787849002
507.61953435600293	1217.261627849002
509.3870143560029	1215.538687849002
511.1178243560029	1213.778917849002
512.810414356003	1211.982347849002
514.4632143560029	1210.149117849002
516.0746643560029	1208.279437849002
517.6432143560029	1206.373637849002
519.1673443560029	1204.432117849002
520.6455543560029	1202.455407849002
522.0763843560029	1200.444147849002
523.4584443560029	1198.399057849002
524.7904043560029	1196.320987849002
526.071004356003	1194.210897849002
527.2990943560029	1192.069817849002
528.4736143560029	1189.898887849002
529.593704356003	1187.699157849002
530.6698143560029	1185.483427849002
531.7116643560029	1183.2513978490022
532.7093363560028	1180.9992878490023
533.6526803560029	1178.7239078490022
534.5327393560028	1176.4233278490021
535.3433653560028	1174.0973878490022
536.0824223560028	1171.747727849002
536.7520213560027	1169.377327849002
537.3577123560027	1166.9897778490022
537.9071133560027	1164.5886378490022
538.4085553560027	1162.1769978490022
538.8700853560027	1159.7573978490022
539.2989243560028	1157.3317978490022
539.7012633560028	1154.9016478490023
540.0822553560027	1152.4680578490022
540.4461223560028	1150.0318378490022
540.7962873560027	1147.5936178490022
541.1355203560028	1145.1538378490022
541.4660603560028	1142.7128178490022
541.7938703560028	1140.2644378490022
542.1218063560028	1137.8160678490021
542.4498593560028	1135.367707849002
542.7780223560028	1132.919377849002
543.1062973560028	1130.4710478490022
543.4346853560028	1128.0227478490021
543.7631953560028	1125.574457849002
544.0918423560029	1123.126187849002
544.4206543560028	1120.6779278490021
544.7496793560028	1118.2297078490021
545.0790213560028	1115.7815378490022
545.4089913560028	1113.3334278490022
545.6413013560028	1110.9359378490021
545.7975153560028	1108.5320178490022
545.9215053560029	1106.1261878490022
546.0257593560028	1103.7194078490022
546.1159377560028	1101.3120678490022
546.1951626560028	1098.9043378490023
546.2653541560028	1096.4963278490022
546.3277764560028	1094.0880978490022
546.3832978560027	1091.6797078490022
546.4325301560027	1089.2711678490023
546.4759065560028	1086.8625178490022
546.5137304560028	1084.453777849002
546.5462054560028	1082.044957849002
546.5734544560028	1079.636067849002
546.5955315560028	1077.227137849002
546.6124297560028	1074.818167849002
546.6240842560028	1072.409157849002
546.6303722260028	1070.000127849002
546.6370742160028	1067.513097849002
546.6499321160028	1065.0260978490019
546.6691196160028	1062.539127849002
546.6948765160029	1060.052237849002
546.7275245160029	1057.565417849002
546.7674899160029	1055.0786978490019
546.8153357160029	1052.5921178490019
546.8718124160029	1050.1057278490018
546.9379372160029	1047.619567849002
547.0151233160028	1045.1337378490018
547.1054114160028	1042.6483478490018
547.2119134160027	1040.1636078490017
547.3397744160028	1037.6798678490018
547.4986754160028	1035.1979378490018
547.7117424160028	1032.720147849002
548.0891524160029	1030.264147849002
548.9624184160028	1027.948217849002
550.2529184160028	1025.836617849002
551.9217784160028	1024.0091278490022
553.8960184160028	1022.5159478490021
556.0924484160028	1021.3732378490022
558.4362184160027	1020.5736528490022
560.8672484160027	1020.0997908490021
563.3386484160027	1019.9332928490021
565.8125884160027	1020.059165849002
568.2559684160027	1020.467048849002
570.6368984160027	1021.150781849002
572.9219884160027	1022.106940849002
575.0745084160027	1023.3324508490019
577.0538584160026	1024.8212708490018
578.8170684160026	1026.560430849002
580.3229084160026	1028.5265008490019
581.5381584160026	1030.684440849002
582.3209444160026	1032.906430849002
582.8474484160026	1035.2051908490018
583.2486944160026	1037.529450849002
583.5753474160026	1039.865450849002
583.8524444160026	1042.2078908490018
584.0942574160026	1044.5542408490019
584.3097274160026	1046.903170849002
584.5048354160026	1049.253890849002
584.6837824160026	1051.605890849002
584.8496344160026	1053.958840849002
585.0046994160026	1056.3125308490019
585.1507574160026	1058.6668308490018
585.3002234160026	1061.0808108490019
585.4581684160026	1063.494250849002
585.6259774160027	1065.907030849002
585.8052134160026	1068.318980849002
585.9976314160026	1070.729910849002
586.2051784160026	1073.139580849002
586.4299874160026	1075.547710849002
586.6743524160026	1077.953930849002
586.9406874160027	1080.357830849002
587.2314554160026	1082.758890849002
587.5490734160027	1085.156550849002
587.8957864160027	1087.5501608490022
588.2735334160027	1089.939060849002
588.6837984160027	1092.3225908490022
589.1274864160026	1094.700140849002
589.6048234160027	1097.0711508490022
590.1153374160026	1099.4352408490022
590.6578804160026	1101.7921908490023
591.2307274160027	1104.1419708490023
591.8316934160026	1106.4847108490023
592.4583004160027	1108.8207208490023
593.1079164160027	1111.1504308490023
593.7778964160027	1113.4743808490023
594.4656674160027	1115.7931308490022
595.1688164160028	1118.1072708490021
595.8851374160027	1120.4174308490021
596.6344594160028	1122.773280849002
597.4061344160027	1125.121900849002
598.2003114160027	1127.4630008490021
599.0171744160027	1129.7962808490022
599.8569394160028	1132.1214108490021
600.7198634160028	1134.4380508490021
601.6062384160028	1136.745810849002
602.5164054160028	1139.044300849002
603.4507494160029	1141.333070849002
604.4097004160028	1143.611630849002
605.3937564160028	1145.879480849002
606.4034664160029	1148.136020849002
607.4394364160029	1150.380620849002
608.5023664160029	1152.6125708490022
609.5930264160029	1154.8311108490022
610.7122864160029	1157.0353608490022
611.8611064160029	1159.2243508490023
613.0405564160029	1161.3969808490024
614.2518464160029	1163.5520208490025
615.4963264160028	1165.6880508490024
616.7755264160028	1167.8034908490024
618.0911364160028	1169.8964508490023
619.4450964160028	1171.9648108490023
620.8395864160028	1174.0060708490023
622.2770664160029	1176.0172608490022
623.7603464160029	1177.9949208490023
625.2926164160029	1179.9348608490022
626.8775064160029	1181.8320208490022
628.5191764160029	1183.6802408490023
630.2223564160029	1185.4719108490024
631.9924464160028	1187.1975308490023
633.8269364160028	1188.8513808490022
635.7252464160028	1190.4315208490023
637.6897864160029	1191.9284708490022
639.7206164160029	1193.3341408490023
641.815386416003	1194.6426108490023
643.969666416003	1195.8506008490024
646.177516416003	1196.9576608490024
648.4322164160029	1197.9659408490024
650.7268864160029	1198.8797168490025
653.0549564160029	1199.7047428490025
655.410546416003	1200.4476718490025
657.7885364160029	1201.1155018490026
660.184636416003	1201.7151938490026
662.595296416003	1202.2534068490027
665.017646416003	1202.7363488490028
667.449386416003	1203.1696978490027
669.888626416003	1203.5585738490026
672.3339064160031	1203.9075698490026
674.784036416003	1204.2207698490026
677.238046416003	1204.5017988490026
679.6952064160031	1204.7538718490027
682.1549164160031	1204.9798368490028
684.6166764160031	1205.1822128490028
687.0801064160031	1205.3632388490028
689.5448864160031	1205.5248998490028
692.0107564160031	1205.6689628490028
694.4775064160032	1205.7970038490027
696.9449764160032	1205.9104308490028
699.4130164160032	1206.0105018490028
701.8815264160032	1206.098348349003
704.3504164160032	1206.174986149003
706.8196064160032	1206.241330749003
709.2890264160033	1206.298208949003
711.7586364160032	1206.3463692490031
714.2283864160032	1206.3864897490032
716.6982464160033	1206.4191871490032
719.1681864160032	1206.4450225490032
721.6381764160033	1206.4645076490033
724.1082064160032	1206.4781103490034
726.5782664160032	1206.4862586590034
729.0483364160032	1206.4893450590034
731.5184164160032	1206.4877299990035
733.9884864160032	1206.4817450290034
736.4585364160032	1206.4716956290033
738.9285764160032	1206.4578635290034
741.3986064160032	1206.4405090290034
743.8685964160032	1206.4198730290034
746.3385564160033	1206.3961786290033
748.8084964160032	1206.3696325290034
751.2785664160032	1206.3404250290034
753.7056964160032	1206.3101410290035
756.1328164160032	1206.2790746290034
758.5599364160031	1206.2470263290033
760.9870364160031	1206.2137552290033
763.4141164160031	1206.1789670290032
765.8411664160031	1206.142300329003
768.2681764160031	1206.1033072290031
770.6951464160031	1206.061427129003
773.1220564160031	1206.015950929003
775.5488764160032	1205.9659710290032
777.9755664160032	1205.9103092290031
780.4020764160032	1205.847413329003
782.8283264160032	1205.775204229003
785.2541864160032	1205.690846929003
787.6794264160033	1205.5904029290032
790.1036664160033	1205.4682979290033
792.5262264160033	1205.3165299290033
794.9458264160032	1205.1235839290034
797.3601364160032	1204.8733139290034
799.7650564160032	1204.5451849290034
802.1545564160032	1204.1194629290035
804.5233364160032	1203.5903649290035
806.8719764160032	1202.9775249290035
809.2574864160032	1202.2918559290035
811.6257464160032	1201.5487649290035
813.9748164160031	1200.7470899290036
816.3026764160031	1199.8857649290035
818.6071964160031	1198.9638509290035
820.8861964160031	1197.9805469290034
823.1374164160031	1196.9352169290034
825.3585564160031	1195.8273969290035
827.5472664160031	1194.6568269290035
829.7012064160032	1193.4234569290036
831.8180564160032	1192.1274569290035
833.8955164160031	1190.7692269290035
835.9313864160032	1189.3493969290034
837.9235164160032	1187.8688369290035
839.8699164160032	1186.3286569290035
841.7687264160032	1184.7301669290034
843.6182564160032	1183.0748969290034
845.4169864160032	1181.3645669290033
847.1636064160032	1179.6010669290033
848.8570264160031	1177.7864069290033
850.4963664160031	1175.9227369290033
852.0809564160031	1174.0122869290033
853.6103464160032	1172.0573669290034
855.0842864160031	1170.0603169290034
856.5027464160031	1168.0234869290034
857.8658864160031	1165.9492169290033
859.1740164160032	1163.8398169290033
860.4276364160031	1161.6975569290032
861.6274164160031	1159.5245469290032
862.8039064160031	1157.3216469290032
863.972466416003	1155.1145369290032
865.132286416003	1152.9028169290032
866.282476416003	1150.6860669290031
867.4220864160029	1148.4638669290032
868.5501064160029	1146.2357569290032
869.6654364160029	1144.001276929003
870.7669264160029	1141.759946929003
871.8533564160028	1139.511276929003
872.9234564160029	1137.254786929003
873.9758864160028	1134.9900069290031
875.0092864160029	1132.7164669290032
876.0222564160028	1130.4337569290033
877.0134064160028	1128.1414869290033
877.9813474160028	1125.8393269290034
878.9247454160028	1123.5270069290034
879.8423314160028	1121.2043269290034
880.7329414160029	1118.8711569290033
881.5955354160028	1116.5274869290033
882.4292324160028	1114.1733969290033
883.2333464160029	1111.8090369290032
884.0073924160029	1109.4346569290033
884.7511094160028	1107.0506069290034
885.4644684160028	1104.6572869290035
886.1476634160027	1102.2551969290034
886.8011214160027	1099.8448469290033
887.4254724160028	1097.4267869290034
888.0215304160027	1095.0015969290034
888.5902744160028	1092.5698469290035
889.1328114160028	1090.1321169290034
889.6503504160029	1087.6889769290033
890.1441824160029	1085.2409269290033
890.6156404160029	1082.7884569290034
891.0660784160028	1080.3320369290034
891.4968524160029	1077.8720969290034
891.9092984160029	1075.4090269290034
892.304724416003	1072.9431569290034
892.684389416003	1070.4748169290035
893.049504416003	1068.0042769290035
893.401219416003	1065.5317869290034
893.7406224160029	1063.0575669290033
894.0687364160029	1060.5818269290032
894.3865204160029	1058.1047469290033
894.6948714160029	1055.6264769290033
894.9946224160029	1053.1471469290034
895.2865514160029	1050.6668469290034
895.573993416003	1048.2060469290034
895.864643416003	1045.7456169290033
896.158886416003	1043.2856269290032
896.457112416003	1040.8261069290031
896.759703416003	1038.367116929003
897.0670194160031	1035.908716929003
897.379389416003	1033.450956929003
897.6970904160031	1030.993886929003
898.0203434160031	1028.5375369290032
898.3492984160031	1026.0819369290032
898.6840274160031	1023.6271169290031
899.0245304160031	1021.1730969290031
899.3707294160031	1018.7198769290031
899.7224814160031	1016.2674369290031
900.0795814160031	1013.8157869290031
900.4417854160031	1011.3648669290031
900.8088084160031	1008.9146669290031
901.1803444160031	1006.4651569290031
901.5560784160031	1004.0162769290031
901.935689416003	1001.5679969290031
902.3188624160031	999.1202769290031
902.7052944160031	996.6730669290031
903.0946944160031	994.2263269290031
903.4867894160031	991.7800169290031
903.8813264160032	989.334106929003
904.2780704160032	986.8885369290031
904.6768034160032	984.443306929003
905.0773294160032	981.998366929003
905.4794664160032	979.5536969290031
905.8830554160032	977.1092569290031
906.2879434160033	974.6650469290031
906.6939974160033	972.2210269290031
907.1010984160033	969.7771769290031
907.5091324160034	967.3334969290031
907.9204084160034	964.8721369290031
908.3313634160033	962.410746929003
908.7419904160033	959.949286929003
909.1522744160034	957.487786929003
909.5622054160034	955.026216929003
909.9717714160034	952.564586929003
910.3809604160034	950.102896929003
910.7897584160035	947.641136929003
911.1981514160035	945.179316929003
911.6061254160035	942.717426929003
912.0136674160035	940.255456929003
912.4207624160035	937.793406929003
912.8273904160035	935.331296929003
913.2335404160035	932.8690969290029
913.6391914160035	930.4068269290029
914.0443294160035	927.9444669290029
914.4489354160035	925.482016929003
914.8529904160034	923.019476929003
915.2564754160035	920.556846929003
915.6593694160034	918.094116929003
916.0616524160034	915.631286929003
916.4633034160034	913.168346929003
916.8642994160034	910.705306929003
917.2646164160034	908.2421569290029
917.6642324160034	905.778886929003
918.0631214160035	903.315496929003
918.4612544160035	900.851996929003
918.8586074160035	898.388366929003
919.2551504160034	895.9246069290031
919.6508564160034	893.4607069290031
920.0456944160035	890.9966669290031
920.4396314160035	888.5324769290031
920.8326354160035	886.0681369290031
921.2246694160035	883.6036569290031
921.6157004160035	881.1390169290031
922.0056914160035	878.674206929003
922.3946014160035	876.2092269290031
922.7823914160035	873.7440769290031
923.1690184160035	871.2787469290031
923.5544414160034	868.8132169290031
923.9386124160035	866.3474969290031
924.3214844160035	863.8815669290032
924.7030064160035	861.4154369290031
925.0831274160035	858.9490869290031
925.4617924160035	856.482516929003
925.8389454160035	854.015716929003
926.2145294160035	851.548666929003
926.5884794160036	849.081376929003
926.9607324160036	846.613836929003
927.3312224160036	844.146016929003
927.6998774160036	841.6779269290031
928.0666254160036	839.2095469290031
928.4313864160036	836.7408869290031
928.7940844160037	834.2719069290031
929.1546334160037	831.8026169290031
929.5129454160036	829.3329969290031
929.8689304160036	826.8630369290031
930.2224894160037	824.3927369290031
930.5735234160037	821.9220769290032
930.9219284160037	819.4510369290032
931.2675934160037	816.9796169290032
931.6104054160037	814.5077969290032
931.9502414160037	812.0355669290033
932.2869764160037	809.5629269290033
932.6204814160036	807.0898469290033
932.9506184160036	804.6163169290033
933.2772454160037	802.1423169290033
933.6002104160036	799.6678469290033
933.9193594160037	797.1928669290033
934.2345284160036	794.7173869290034
934.5455494160036	792.2413669290034
934.8522444160036	789.7648169290035
935.1544304160036	787.2876969290035
935.4519154160037	784.8100169290035
935.7445004160037	782.3317469290035
936.0319784160037	779.8528869290035
936.3141354160036	777.3734169290035
936.5907524160036	774.8933269290035
936.8616014160036	772.4125869290035
937.1264454160037	769.9312069290036
937.3850434160037	767.4491769290036
937.6371484160037	764.9664769290035
937.8825084160037	762.4830969290035
938.1208634160037	759.9990369290035
938.3519544160037	757.5142769290035
938.5755134160037	755.0288469290035
938.7912784160037	752.5427169290035
938.9989804160037	750.0559169290035
939.1983574160038	747.5684269290035
939.3891474160038	745.0802569290036
939.5710954160038	742.5914269290035
939.7439544160038	740.1019469290036
939.9074864160038	737.6118469290036
940.0614684160039	735.1211369290036
940.2056914160039	732.6298369290035
940.3399664160039	730.1379769290036
940.4641244160039	727.6456069290035
940.5780234160038	725.1527269290035
940.6815454160038	722.6593969290035
940.7746051160038	720.1656569290035
940.8571483160039	717.6715469290035
940.9291554160038	715.1771169290035
940.9906442160038	712.6823969290035
941.0416688160038	710.1874469290035
941.0823224160039	707.6923069290035
941.1127365160039	705.1970169290036
941.1330806160039	702.7016269290035
941.1435615160038	700.2061869290035
941.1444213820039	697.7107169290035
941.1359357320039	695.2152569290035
941.1184108320039	692.7198469290036
941.0921803320039	690.2245069290035
941.0576023320039	687.7292769290035
941.0150552320039	685.2341769290035
940.9649328320039	682.7391669290035
940.908680132004	680.2517669290036
940.846743932004	677.7644969290036
940.7784747320039	675.2773969290035
940.7031653320039	672.7905069290035
940.6200491320039	670.3038669290036
940.5283004320039	667.8175369290036
940.4270344320039	665.3315669290037
940.3153124320039	662.8460469290037
940.1921484320039	660.3610669290038
940.056516432004	657.8767269290038
939.907367432004	655.3931669290038
939.743645432004	652.9105269290038
939.5643114320039	650.4289769290039
939.3683674320039	647.9486669290038
939.1548904320039	645.4698169290039
938.9230574320038	642.9926069290038
938.6721834320039	640.5172569290038
938.4017474320038	638.0439769290037
938.1114164320038	635.5729469290037
937.8010634320038	633.1043369290037
937.4707774320038	630.6383269290037
937.1208574320038	628.1750269290037
936.7518034320038	625.7145269290037
936.3642944320038	623.2568669290036
935.9591604320038	620.8020469290036
935.5373534320039	618.3500269290037
935.0999164320039	615.9007469290036
934.6479444320039	613.4541069290036
934.1825604320039	611.0099869290036
933.704883432004	608.5682369290037
933.2160154320039	606.1287069290037
932.7170124320039	603.6912269290036
932.2088834320039	601.2556269290036
931.6925744320039	598.8217169290036
931.1856974320038	596.4275069290036
930.6906554320038	594.0308369290036
930.2119204320038	591.6308569290036
929.7551494320038	589.2265969290036
929.3271744320039	586.8170569290036
928.9356424320039	584.4013369290036
928.5881084320039	581.9789169290036
928.2905864320039	579.5498469290036
928.045979432004	577.1148769290036
927.8531714320039	574.6752469290036
927.7073684320039	572.2323569290036
927.601447432004	569.7873969290035
927.527563632004	567.3412569290035
927.478345832004	564.8944869290035
927.447505132004	562.4474169290035
927.429983332004	560.0001969290034
927.4224847620039	557.5768269290035
927.4270700220039	555.1534569290035
927.448849322004	552.7301769290035
927.4943718220039	550.3072369290035
927.571946822004	547.8851269290035
927.691933822004	545.4647769290035
927.866877822004	543.0477869290035
928.111254822004	540.6368769290035
928.440544822004	538.2361369290035
928.8693738220039	535.8511969290034
929.4088608220039	533.4888769290035
930.0639998220039	531.1560069290035
930.8323408220039	528.8579069290035
931.7047058220038	526.5971969290035
932.6675808220039	524.3734669290035
933.7058808220039	522.1838969290035
934.8050908220039	520.0242169290035
935.9524308220039	517.8896869290035
937.1372408220038	515.7757169290035
938.3509408220038	513.6781869290035
939.5867008220039	511.59358692900344
940.8391908220038	509.51897692900343
942.1042108220039	507.4519769290034
943.3784908220039	505.3906769290034
944.6594608220039	503.3335269290034
945.9753808220039	501.21054692900344
947.2765908220039	499.07851692900346
948.5622108220039	496.93704692900343
949.8313408220039	494.7857569290034
951.0830308220039	492.62429692900344
952.3163408220039	490.45228692900344
953.5302808220039	488.26939692900345
954.7238608220039	486.07530692900343
955.8960908220039	483.86971692900346
957.0459508220039	481.6523969290035
958.1724408220039	479.4231069290035
959.2745808220038	477.1816769290035
960.3514008220038	474.92799692900354
961.4020008220039	472.66195692900357
962.4255008220039	470.3835569290036
963.4210908220039	468.09281692900356
964.3880268220039	465.78984692900355
965.3256568220039	463.4747869290035
966.2334138220039	461.1478569290035
967.1108418220039	458.8093169290035
967.9575868220039	456.4594969290035
968.7734148220039	454.0987669290035
969.558213822004	451.7275269290035
970.311990822004	449.3462369290035
971.034865822004	446.9554069290035
971.727096822004	444.5555069290035
972.389034822004	442.14708692900354
973.021151822004	439.7306669290035
973.6240098220039	437.3067869290035
974.1982648220039	434.8759769290035
974.7446538220039	432.4387269290035
975.2639708220039	429.9955769290035
975.7570738220039	427.5469969290035
976.224862822004	425.0934669290035
976.6682768220039	422.6354069290035
977.0882758220039	420.1732369290035
977.4858368220039	417.70733692900353
977.8619388220038	415.23806692900354
978.2175628220039	412.7657669290035
978.5536808220039	410.29074692900355
978.871251822004	407.81327692900356
979.171224822004	405.33352692900354
979.1892181220039	403.03722692900357
979.2072114220039	400.7409269290036
979.2252047220038	398.4446269290036
979.2431980220038	396.14832692900364
979.2611913220037	393.85202692900367
979.2791846220036	391.5557269290037
979.2971779220036	389.2594269290037
979.3151712220035	386.96312692900375
979.333	384.667
